"""PID"":""482ac387b3ab74346b92ead125d08d4302938c073cd6717b18c1d6568d39f161""","""O"":""w""","""X"":""X4""","""Y"":""Y4""","""A"":""A4""","""B"":""B4""","""D"":""D0"""
"""PID"":""1f9e54673bdb3747cdd257b5ac07081bebb328c628813dd12daa493aed442722""","""O"":""r""","""X"":""X4""","""Y"":""Y2""","""A"":""A1""","""D"":""D0"""
"""PID"":""e4c24bbf878da79ade4b1b47400a22017eb4cadb59568c256ca0f5280b57d8b7""","""O"":""r""","""X"":""X4""","""Y"":""Y2""","""A"":""A1""","""B"":""B3""","""C"":""C0"""
"""PID"":""071b91c20f690baa31537a8cf8b173c3a0fa68dc3af8e465603d5643e7b4704c""","""O"":""w""","""X"":""X4""","""Y"":""Y2""","""A"":""A2""","""B"":""B4""","""C"":""C4""","""D"":""D0"""
"""PID"":""0b9386a6a1b1de9b1c3230f4881b2cbb4b33a66752f6262b33554fa60cda7ecf""","""O"":""w""","""X"":""X4""","""Y"":""Y2""","""A"":""A2""","""B"":""B1""","""C"":""C3""","""D"":""D1"""
"""PID"":""cdeefcdb1fcb62f252d18840f0deec6cebb27d7fc84a40fc7ff0f950bd725640""","""O"":""w""","""X"":""X2""","""Y"":""Y1""","""A"":""A2""","""B"":""B1""","""C"":""C1"""
"""PID"":""7c652b1147768d1595d5ea826cf45122ffdf31692f016b4c54efb53d769ecd5e""","""O"":""w""","""X"":""X2""","""Y"":""Y1""","""A"":""A4""","""B"":""B3""","""C"":""C4""","""D"":""D0"""
"""PID"":""8803f8c0de2687daa554884f32850931439ddbf2428c3f2bfdec3e0020e4fb7a""","""O"":""w""","""X"":""X3""","""Y"":""Y4""","""A"":""A0""","""B"":""B2""","""C"":""C4""","""D"":""D1"""
"""PID"":""9c318433df4b83e0f6f7f2870c05d2609d1838f1cd74c87221decd3d21d7cd01""","""O"":""w""","""X"":""X3""","""Y"":""Y4""","""A"":""A4""","""B"":""B4""","""C"":""C2""","""D"":""D3"""
"""PID"":""b5f890146e470ce4b7beb1204985be9ff6028a6d42366701a0be16d51a5af891""","""O"":""w""","""X"":""X3""","""Y"":""Y4""","""A"":""A2""","""B"":""B4""","""C"":""C2""","""D"":""D4"""
"""PID"":""1b22eb66c52c09684fc9b661c48e09fbf307ff89b079f16f8021dd4d0fc4ace4""","""O"":""w""","""X"":""X3""","""Y"":""Y1""","""A"":""A0""","""B"":""B1""","""C"":""C2""","""D"":""D1"""
"""PID"":""15903cbb29c0b161ff7664f8a410c8502a3a5448343920473333677318a82241""","""O"":""w""","""X"":""X3""","""Y"":""Y1""","""A"":""A2""","""B"":""B1""","""C"":""C1""","""D"":""D1"""
"""PID"":""f4859a1c685d84b1681b9280088868f96327dd3489a1e5ee505340e4cb2a5a8f""","""O"":""w""","""X"":""X1""","""Y"":""Y4""","""A"":""A1""","""B"":""B1""","""C"":""C4""","""D"":""D4"""
"""PID"":""bd5454f3c734bc059028d30cd51e6cdafee0df38c5d9d4bc42375a06850c2d15""","""O"":""w""","""X"":""X1""","""Y"":""Y4""","""A"":""A4""","""B"":""B2""","""C"":""C2""","""D"":""D3"""
"""PID"":""eb8f0cbc21e117a9a4ef6e64d04224281674c27124aa26bf3476b5d24c9fa800""","""O"":""r""","""X"":""X2""","""Y"":""Y4""","""A"":""A2""","""B"":""B3""","""C"":""C3"""
"""PID"":""4d475793331c2e350bbb86f5a015cd6dec7e926447616dfec1aa42563805bf2d""","""O"":""r""","""X"":""X2""","""Y"":""Y4""","""A"":""A4""","""B"":""B2""","""C"":""C2""","""D"":""D1"""
"""PID"":""86fae3f97efff7cf3164000b02147cf2f9892b654c15a6db38242b1679d134f3""","""O"":""r""","""X"":""X0""","""Y"":""Y2""","""A"":""A1""","""B"":""B2""","""C"":""C3""","""D"":""D1"""
"""PID"":""01121f05cd5fb9600643d4ed23dc23c6b65854f4fc21c55fee3c38c117005d8f""","""O"":""r""","""X"":""X0""","""Y"":""Y2""","""A"":""A2""","""B"":""B2""","""C"":""C2""","""D"":""D4"""
"""PID"":""4156884502b8628d38e65c0ab82d2188089682dd46bb9f8abe1b29c36b3cdc46""","""O"":""w""","""X"":""X2""","""Y"":""Y0""","""A"":""A0""","""B"":""B2""","""C"":""C4""","""D"":""D4"""
"""PID"":""05e3bf14f18e6e89aefb48a06531e4c3239a3a343512e9f0c086107afcd7d7a9""","""O"":""w""","""X"":""X4""","""Y"":""Y1""","""A"":""A3""","""C"":""C2""","""D"":""D4"""
"""PID"":""a7e963e14de69629c3290c0fb92592ac1c1968446daab96b8ed1d90e9f755226""","""O"":""w""","""X"":""X4""","""Y"":""Y1""","""A"":""A4""","""B"":""B2""","""C"":""C3""","""D"":""D4"""
"""PID"":""d000ebeeeddac0ff440956aa3cf938f0f32bf2e5d479d32d4226ce7500984d6a""","""O"":""w""","""X"":""X4""","""Y"":""Y1""","""A"":""A3""","""C"":""C4""","""D"":""D2"""
"""PID"":""34dbfcb21630fc1eabbc29123e1ed5b0906d76eff9ce2af8225077db6be8c850""","""O"":""w""","""X"":""X4""","""Y"":""Y1""","""A"":""A4""","""B"":""B2""","""C"":""C1""","""D"":""D1"""
"""PID"":""37c9604af946a87f374465b1b2af9125c65d89057b1c51cb786617e8a2c0419e""","""O"":""r""","""X"":""X2""","""Y"":""Y3""","""A"":""A2""","""C"":""C2""","""D"":""D4"""
"""PID"":""665539f026f34ea1fe5fc5caf03e8413360c4545f1c4ef43cee7e3b58374bf4a""","""O"":""r""","""X"":""X2""","""Y"":""Y3""","""A"":""A3""","""C"":""C2""","""D"":""D4"""
"""PID"":""ba95a0033a065d24c3ffc5576899408eadc6bc9be662ee881e8d1b048d003b7c""","""O"":""r""","""X"":""X3""","""Y"":""Y4""","""A"":""A1""","""B"":""B1""","""C"":""C0""","""D"":""D0"""
"""PID"":""b05f66bc4ea36aa986fc174a3b6e6ae4d9385dca7de9eb36c63ae98ffd5ec341""","""O"":""r""","""X"":""X3""","""Y"":""Y4""","""B"":""B3""","""C"":""C3""","""D"":""D1"""
"""PID"":""4bfb33fb88d623e751fb1fb3fb57d17610a58db55635ead399a53f893d423ee1""","""O"":""r""","""X"":""X1""","""Y"":""Y0""","""A"":""A1""","""B"":""B0""","""C"":""C2""","""D"":""D0"""
"""PID"":""5f53e8e21d378747c0f307d254c169e396a396334379f74572cb56ffdf424963""","""O"":""r""","""X"":""X1""","""Y"":""Y0""","""A"":""A0""","""B"":""B0""","""C"":""C4"""
"""PID"":""b5c15a14dd53dfb33d51b573780f6cc4625c58b08f93b66f230b6f5acfe0fa1f""","""O"":""r""","""X"":""X1""","""Y"":""Y2""","""A"":""A1""","""B"":""B2""","""C"":""C1""","""D"":""D4"""
"""PID"":""2e0cf7a4159de54a415f3affbe2541b4f39d74cf5bb9b18ea0b6651bf4f91829""","""O"":""r""","""X"":""X1""","""Y"":""Y2""","""A"":""A3""","""B"":""B1""","""C"":""C3""","""D"":""D4"""
"""PID"":""8284b141af50c00ddc699dd7dbc1eea0cfebb383281419b98872c997f6048506""","""O"":""r""","""X"":""X1""","""Y"":""Y2""","""A"":""A2""","""D"":""D3"""
"""PID"":""846a79f61b7c7b943865c1b38535974412ec0396d46be09b759db61ff3b62d7b""","""O"":""r""","""X"":""X2""","""Y"":""Y2""","""A"":""A0""","""B"":""B3""","""C"":""C0""","""D"":""D0"""
"""PID"":""f740d131f6c8555aa1dd1672513bcfb30f2dfeab0543f8105a133860b0bfd3a8""","""O"":""r""","""X"":""X2""","""Y"":""Y2""","""A"":""A3""","""B"":""B0""","""C"":""C0""","""D"":""D1"""
"""PID"":""04567f9a47057c622cecf4a1874890ff8f3220ce8ccc28782e09782956027ba4""","""O"":""r""","""X"":""X2""","""Y"":""Y1""","""A"":""A3""","""B"":""B3""","""D"":""D4"""
"""PID"":""3f1eecf9ad635466c23aecff30828965788e226f3e92fc8febd5d540bd0e5852""","""O"":""r""","""X"":""X2""","""Y"":""Y1""","""A"":""A1""","""C"":""C0""","""D"":""D0"""
"""PID"":""f90d5a87deb8df3068beb042cf983e057098be1c5aa4109d903b8473a528fc9b""","""O"":""r""","""X"":""X1""","""Y"":""Y4""","""A"":""A1""","""B"":""B1""","""C"":""C1"""
"""PID"":""5937efe0931396bdb626a8fd7cfc6ed628337e33526b77474f7711f7e643f71d""","""O"":""r""","""X"":""X3""","""Y"":""Y2""","""A"":""A2""","""C"":""C2""","""D"":""D2"""
"""PID"":""8a650f13dca69a3bfd4a67390bc0ea4e43fab39a71caa1343b951c2091a0bef8""","""O"":""r""","""X"":""X3""","""Y"":""Y2""","""B"":""B0""","""C"":""C4""","""D"":""D1"""
"""PID"":""29b4326a585f9e90d3a23741de2b4b10f51f2a51f4535c8ce4ad9f78ff219850""","""O"":""r""","""X"":""X3""","""Y"":""Y2""","""A"":""A4""","""B"":""B4""","""C"":""C1""","""D"":""D0"""
"""PID"":""a3604979ce15617aef81f65024907dd3f8f30de06460eb41183fe912af3f5343""","""O"":""w""","""X"":""X1""","""Y"":""Y1""","""A"":""A1""","""B"":""B1""","""C"":""C1""","""D"":""D4"""
"""PID"":""2e243a615b0a3f1cbb8a499e28e37c6e0d90755a09f5157d854784a707e0f7b3""","""O"":""w""","""X"":""X1""","""Y"":""Y1""","""B"":""B0""","""C"":""C0"""
"""PID"":""636d550153a41c8fa4b3728356c4b1ff3051e767190b58d5d778ca0766394cd9""","""O"":""w""","""X"":""X1""","""Y"":""Y1""","""A"":""A3""","""B"":""B3""","""C"":""C3""","""D"":""D1"""
"""PID"":""179c0810d7b483ad4507ea051bc42fbbad04e1627210902d6187a3ff316ee55a""","""O"":""w""","""X"":""X1""","""Y"":""Y1""","""B"":""B2""","""C"":""C4""","""D"":""D0"""
"""PID"":""d4e91cc2478144dd517b7026f95e3fb524ac3cbe3473e1193f5391ada434cefa""","""O"":""r""","""X"":""X1""","""Y"":""Y3""","""A"":""A0""","""B"":""B4""","""C"":""C2""","""D"":""D4"""
"""PID"":""19fe8917c5c4a4f19568322f2b3aeaa098a705e181cd60f68850a9ef740cadc5""","""O"":""r""","""X"":""X1""","""Y"":""Y3""","""A"":""A4""","""B"":""B3""","""C"":""C1""","""D"":""D0"""
"""PID"":""ee091bc95ead8384f73a5393569daf2296a868c8d0ba8201c710e5df45a9f132""","""O"":""r""","""X"":""X1""","""Y"":""Y3""","""A"":""A1""","""B"":""B3""","""D"":""D2"""
"""PID"":""872356e061392ab775aeaf8d4b5cbce1ebcce182a73ef1ecea4a5e05c55c66cb""","""O"":""r""","""X"":""X3""","""Y"":""Y0""","""A"":""A2""","""B"":""B0""","""C"":""C4""","""D"":""D0"""
"""PID"":""d83d55dbd8604870d11474839a8e6b2bcfc649b9c724588da508258bfcc994c5""","""O"":""r""","""X"":""X3""","""Y"":""Y0""","""A"":""A1""","""B"":""B3""","""D"":""D0"""
"""PID"":""80c752b0cbaea05410547873b78ac7041c2626b103a5a069fc70e55ab0bdf1cc""","""O"":""w""","""X"":""X0""","""Y"":""Y3""","""B"":""B3""","""C"":""C1""","""D"":""D0"""
"""PID"":""3a59be6e482552b3c444c0e49c249ea7807f36fc1351057e3a925c4e82f18505""","""O"":""w""","""X"":""X4""","""Y"":""Y3""","""A"":""A2""","""B"":""B3""","""C"":""C1""","""D"":""D4"""
"""PID"":""73cbc3264a8c37bb85997d976e83814f4d30d09b068117b701bd053ff8ba4273""","""O"":""w""","""X"":""X4""","""Y"":""Y3""","""B"":""B3""","""C"":""C3""","""D"":""D0"""
"""PID"":""c407abaab30a096f6063d31a2217416ec05facf8a42f61c5a41a50f3f2d54121""","""O"":""w""","""X"":""X2""","""Y"":""Y2""","""A"":""A2""","""B"":""B2""","""C"":""C2""","""D"":""D3"""
"""PID"":""7ff038db73cc2a8e822f692d939b258146bf1b768a13085a2ac8af0417992895""","""O"":""r""","""X"":""X0""","""Y"":""Y0""","""B"":""B1""","""C"":""C4""","""D"":""D1"""
"""PID"":""1bb524f22201db6794fa58f6b822e656fdb0243a39b1c06848f804c18c83917d""","""O"":""r""","""X"":""X3""","""Y"":""Y3""","""C"":""C4""","""D"":""D2"""
"""PID"":""e9b9a8c5fe6af87dc67d65472d031e9c3c4d634d201d3be3b2e98205957a0451""","""O"":""r""","""X"":""X3""","""Y"":""Y3""","""B"":""B2""","""C"":""C1""","""D"":""D4"""
"""PID"":""02bd322b6c1df8ea7acbcffc48909027f0b1b85a3aa4af6922560e3f618cbdc1""","""O"":""w""","""X"":""X2""","""Y"":""Y3""","""B"":""B3""","""C"":""C4""","""D"":""D3"""
"""PID"":""219840f6c33e1c3138c824a2405de70a48e33b20be678bebe29b438fd1fb386b""","""O"":""w""","""X"":""X0""","""Y"":""Y1""","""A"":""A0""","""B"":""B4""","""C"":""C3""","""D"":""D1"""
"""PID"":""12c9a9773a7dde7abc2c63077231072872a5777b141ed1c840bc35c07274818b""","""O"":""w""","""X"":""X0""","""Y"":""Y1""","""A"":""A0""","""B"":""B2""","""C"":""C0"""
"""PID"":""f43b57fa9617de4771b9d0b1ce3c3133186e107e4ccff7c2aa28eda3a76c529d""","""O"":""w""","""X"":""X0""","""Y"":""Y0""","""A"":""A2""","""B"":""B3""","""C"":""C1""","""D"":""D4"""
"""PID"":""f9292cbd9b32f985f0ad2c3bd32f2c3df08e07ac1efaa656d33786737f4f03f4""","""O"":""w""","""X"":""X3""","""Y"":""Y3""","""A"":""A3""","""B"":""B2""","""C"":""C1""","""D"":""D1"""
"""PID"":""4c58d3521efe2d30b72a559f9a8d663f4219176cb27316804a7ff90f796625fc""","""O"":""w""","""X"":""X3""","""Y"":""Y3""","""A"":""A2""","""B"":""B1""","""C"":""C0"""
"""PID"":""94151e438c7fa31775bc03e97c774f0e36a14fc66ca0dde25588b43f034aef3a""","""O"":""r""","""X"":""X4""","""Y"":""Y0""","""A"":""A1""","""B"":""B2""","""C"":""C3"""
"""PID"":""7d329317eed927755f3967dbfdad5368456dcabab0128f496a5d0312db1af837""","""O"":""w""","""X"":""X0""","""Y"":""Y2""","""B"":""B0""","""C"":""C3""","""D"":""D1"""
"""PID"":""e82a8d8b813f6ec8453a3cb35400c64652e1bb9891704c1a372635f40ac7bc79""","""O"":""w""","""X"":""X0""","""Y"":""Y2""","""A"":""A1""","""C"":""C4""","""D"":""D2"""
"""PID"":""5debceff27f419b295f627cef1736ed13b7864b09f245b99f5a4757aa8c423ee""","""O"":""w""","""X"":""X0""","""Y"":""Y2""","""A"":""A1""","""B"":""B4""","""C"":""C4""","""D"":""D2"""
"""PID"":""a402af21a332d49b51004acc6677ea1062b0c176f3db31ecbb59b6b268fdf975""","""O"":""w""","""X"":""X1""","""Y"":""Y0""","""A"":""A3""","""B"":""B1""","""D"":""D0"""
"""PID"":""0bf64cb98db2fbce220ccd20e7fb93745b6abb860d88e91b9aa6fdf473092a15""","""O"":""w""","""X"":""X1""","""Y"":""Y0""","""A"":""A1""","""B"":""B0""","""C"":""C2""","""D"":""D3"""
"""PID"":""9741f37cc262e91582f11fcf895b02e6205811bd2d82bf2d8293f52220e4114b""","""O"":""r""","""X"":""X0""","""Y"":""Y3""","""A"":""A3""","""B"":""B1"""
"""PID"":""737ca6f39a1eaeddd61cd032ea84a6636483f5d4c29c3a9c4b426a9d2796a3af""","""O"":""r""","""X"":""X0""","""Y"":""Y3""","""A"":""A4""","""C"":""C3""","""D"":""D1"""
"""PID"":""b51a2b66037bbf174f85bf2e608d82aedcfe4fb1b821c8853b67cbc44c3c3bf6""","""O"":""r""","""X"":""X0""","""Y"":""Y3""","""A"":""A2""","""B"":""B4""","""C"":""C4""","""D"":""D2"""
"""PID"":""2041cee54455c74c232a86d420b64b522405cd4745576697e240b0a1357496d1""","""O"":""r""","""X"":""X1""","""Y"":""Y1""","""A"":""A2""","""B"":""B3""","""C"":""C0""","""D"":""D2"""
"""PID"":""c052123c7a75264315c6b5524d226d3683f84a5ac7770e9af373138c1c105f0b""","""O"":""r""","""X"":""X4""","""Y"":""Y3""","""A"":""A4""","""B"":""B4""","""C"":""C4""","""D"":""D1"""
"""PID"":""2ff5abb5082f0fbf3008dd5368b3f4b828b4b0571579b8cef08bfd12bc223c88""","""O"":""r""","""X"":""X4""","""Y"":""Y3""","""A"":""A0""","""B"":""B2""","""C"":""C0""","""D"":""D2"""
"""PID"":""e624e483d899f735db2ccdb7bf9f24b9bce1c9504f231acd25887d000475fa26""","""O"":""w""","""X"":""X2""","""Y"":""Y4""","""A"":""A0""","""B"":""B0""","""C"":""C3""","""D"":""D0"""
"""PID"":""a145838a2970e52c7582b6fa6de6090a1d0217955b7648068ad03c74a368c83f""","""O"":""w""","""X"":""X2""","""Y"":""Y4""","""A"":""A2""","""B"":""B2""","""C"":""C2""","""D"":""D0"""
"""PID"":""342b885b189f78e23c516977a8f9c920aa871896b443e3eb406f29507692c000""","""O"":""r""","""X"":""X3""","""Y"":""Y1""","""A"":""A1""","""B"":""B2""","""C"":""C1""","""D"":""D1"""
"""PID"":""f90f5425641301fbdab3621c16492f5704afe36490e5b753451cb0edf8f8a0c9""","""O"":""r""","""X"":""X3""","""Y"":""Y1""","""A"":""A0""","""B"":""B2""","""C"":""C1""","""D"":""D1"""
"""PID"":""08d78d5b9d43faea3cd318989a80700a03b71105310071e7af83ff289de2cd5d""","""O"":""w""","""X"":""X1""","""Y"":""Y3""","""A"":""A2""","""B"":""B3"""
"""PID"":""00d1022e1a178f538305b149867d35d496d66e4307b35fa6cbb6eb883011fe9c""","""O"":""w""","""X"":""X1""","""Y"":""Y2""","""A"":""A3""","""B"":""B1""","""C"":""C0""","""D"":""D3"""
"""PID"":""4ca4780d9de38386601f6d0d15c1feda67ad30b8c327721c41997db8ccd68aa7""","""O"":""w""","""X"":""X1""","""Y"":""Y2""","""A"":""A4""","""B"":""B3""","""C"":""C0""","""D"":""D0"""
"""PID"":""335dc5e6a4786ab5a58a7f95a177338ec22f105060564132cbf85521bcf839fb""","""O"":""w""","""X"":""X1""","""Y"":""Y2""","""A"":""A0""","""B"":""B3""","""C"":""C4""","""D"":""D0"""
"""PID"":""80fea9d0ed31cf2f9fdfeaa34d8c1b0bcc131fd6bbe1a52990579584e7663fbf""","""O"":""r""","""X"":""X2""","""Y"":""Y0""","""A"":""A4""","""B"":""B2""","""C"":""C3"""
"""PID"":""49b2b87a683336811218be957a7e5ac088ba37024e1375426c12001367b24c97""","""O"":""r""","""X"":""X2""","""Y"":""Y0""","""A"":""A1""","""B"":""B4""","""C"":""C4""","""D"":""D3"""
"""PID"":""f5fa4e18dab2e606bad690f10c79ee9a79b66e0be0680b3c1176beca0815d897""","""O"":""r""","""X"":""X2""","""Y"":""Y0""","""A"":""A3""","""C"":""C2""","""D"":""D1"""
"""PID"":""7a3c87260a882835690225e45142da17e6c51146c1e3d046aa371cb67d44fc0a""","""O"":""r""","""X"":""X0""","""Y"":""Y1""","""A"":""A0""","""B"":""B2""","""C"":""C0""","""D"":""D4"""
"""PID"":""20697764cc6d7515099406fbf04939195ed7c129a63d001bb21e150ad47abbd7""","""O"":""r""","""X"":""X0""","""Y"":""Y1""","""A"":""A2""","""B"":""B1""","""C"":""C0""","""D"":""D1"""
"""PID"":""d5476622371e5e8ad60f840b294c2a7d06cedc84d20273d25ca74b76eeb075f1""","""O"":""r""","""X"":""X0""","""Y"":""Y1""","""A"":""A0""","""B"":""B0""","""C"":""C1""","""D"":""D0"""
"""PID"":""b97b36187fbefd5bcb931a4c253d9ae9b839cec26f9ef1dc9bea173807d1080d""","""O"":""r""","""X"":""X4""","""Y"":""Y1""","""A"":""A4""","""B"":""B0""","""C"":""C2""","""D"":""D0"""
"""PID"":""5b2ad9b277e11c4d72078825e0541df10a4c802bc503bbc8745a2bf51dd3639c""","""O"":""w""","""X"":""X3""","""Y"":""Y2""","""A"":""A1""","""B"":""B2""","""C"":""C3""","""D"":""D2"""
"""PID"":""fe410a12fe8d0bd77402a25797b18ae6b8f30cd594e5c44acfe60d4c1fd124a6""","""O"":""w""","""X"":""X3""","""Y"":""Y2""","""A"":""A4""","""B"":""B2""","""C"":""C0""","""D"":""D1"""
"""PID"":""33b602261ec600d84c5a4bb070aa671601ca62e88ee57a93c633a52698e67ddf""","""O"":""w""","""X"":""X3""","""Y"":""Y2""","""A"":""A4""","""B"":""B0"""
"""PID"":""d575edb273912f039c38f183a3e3d9b0e0895f72fa7760f9ba021bc1d83a4e01""","""O"":""r""","""X"":""X0""","""Y"":""Y4""","""A"":""A2""","""B"":""B3""","""C"":""C0""","""D"":""D0"""
"""PID"":""b09cd32afb32642b140c978aed2f72a67e94683f84d7e2e408d21b24fa64f766""","""O"":""w""","""X"":""X0""","""Y"":""Y4""","""A"":""A4""","""B"":""B2""","""D"":""D4"""
"""PID"":""31dba951f74968ae7b7162a72680442052dacb7399a65602f2a6f649d5ad92d8""","""O"":""r""","""X"":""X4""","""Y"":""Y4""","""A"":""A2""","""C"":""C4""","""D"":""D4"""
"""PID"":""32210ba87be360865122836b7f0ab6f9121e7d500bcbf96cc4bf6867efbb5be5""","""O"":""r""","""X"":""X4""","""Y"":""Y4""","""A"":""A3""","""B"":""B3""","""C"":""C2"""
"""PID"":""f7f49c294441e37e5a5ccb9eac16470c64b1caeea1a630d7926e10c90669985b""","""O"":""w""","""X"":""X3""","""Y"":""Y0""","""A"":""A3""","""B"":""B2""","""C"":""C3""","""D"":""D2"""
"""PID"":""ef7fe1283a826c2eb010cda091589829b1c3b9ff0002a9081acd47cd36cc4596""","""O"":""w""","""X"":""X3""","""Y"":""Y0""","""A"":""A4""","""B"":""B0""","""C"":""C0""","""D"":""D1"""
"""PID"":""880a699af0deddcb1deadb129e2a46dcc84ed0ac7c0d1f2d3cc0604d58b260fc""","""O"":""w""","""X"":""X4""","""Y"":""Y0""","""B"":""B4""","""C"":""C4"""
"""PID"":""62c7467dd9654b1447e8ef28233d1de94eb7fa3cbcf9f5708d887bc1781b1ef9""","""O"":""w""","""X"":""X4""","""Y"":""Y0""","""A"":""A1""","""B"":""B2""","""C"":""C2""","""D"":""D2"""
