"""PID"":""aaf898d05aca0eff14db30ab858f6833ecdcaf33eeb98d8762b52bbd530887b3""","""O"":""w""","""X"":""X0""","""Y"":""Y0""","""P"":""P1""","""Q"":""Q1""","""R"":""R0""","""S"":""S0""","""A"":""A0""","""B"":""B1""","""C"":""C0"""
"""PID"":""404496422620a1f11f8bb09c0e2bc1f2415dc709959b4abd2c4ff917d8960dab""","""O"":""w""","""X"":""X0""","""Y"":""Y0""","""P"":""P1""","""Q"":""Q1""","""R"":""R0""","""S"":""S0""","""A"":""A0""","""B"":""B1""","""C"":""C0""","""D"":""D0"""
"""PID"":""c0e6fc20fa00bf0d73330e550b17aac0a2ed0cc0e22fab7fa86ac2a0d92ac534""","""O"":""w""","""X"":""X0""","""Y"":""Y0""","""P"":""P1""","""Q"":""Q1""","""R"":""R0""","""S"":""S0""","""B"":""B1""","""D"":""D0"""
"""PID"":""dd80807c20269760baf2212e2a057a8506bf712f314104e4689c7343993486a0""","""O"":""w""","""X"":""X1""","""Y"":""Y0""","""P"":""P0""","""Q"":""Q0""","""R"":""R0""","""S"":""S1""","""C"":""C1""","""D"":""D0"""
"""PID"":""71a1c95fe3e086bb862d36e4f223a800218c3081179069fa06bb9c03fe25490a""","""O"":""w""","""X"":""X1""","""Y"":""Y0""","""P"":""P0""","""Q"":""Q0""","""R"":""R0""","""S"":""S1""","""A"":""A0""","""B"":""B0""","""C"":""C1""","""D"":""D0"""
"""PID"":""b1af2f4b45e67253c9fcc080d77e8ab40dbdbbcfddfdf85104da42fb17942029""","""O"":""w""","""X"":""X1""","""Y"":""Y0""","""P"":""P0""","""Q"":""Q0""","""R"":""R0""","""S"":""S1""","""A"":""A0""","""B"":""B0""","""C"":""C1""","""D"":""D1"""
"""PID"":""a4531a328639f201374967c377f2cefa8cc40699130d2e3d0592d11edf36e223""","""O"":""r""","""X"":""X1""","""Y"":""Y0""","""P"":""P1""","""Q"":""Q1""","""R"":""R1""","""S"":""S0""","""B"":""B1""","""D"":""D0"""
"""PID"":""0492c88017fe34e35ea63d30ca5a55e86ccd9f4e38f071b2a3f3e553c223d2b7""","""O"":""r""","""X"":""X1""","""Y"":""Y0""","""P"":""P1""","""Q"":""Q1""","""R"":""R1""","""S"":""S0""","""A"":""A1""","""B"":""B0""","""C"":""C0""","""D"":""D0"""
"""PID"":""9b4763fd9ea3baf819c449c3215c4266bf5a606b97538780313f966e3b96bb38""","""O"":""r""","""X"":""X1""","""Y"":""Y0""","""P"":""P1""","""Q"":""Q1""","""R"":""R1""","""S"":""S1""","""B"":""B0""","""C"":""C1""","""D"":""D0"""
"""PID"":""c9854d04a7aa252b2b7d137ac1d8827c5e0598b50e9a51b8fc8583d85d357f42""","""O"":""r""","""X"":""X1""","""Y"":""Y0""","""P"":""P1""","""Q"":""Q1""","""R"":""R1""","""S"":""S1""","""B"":""B1""","""C"":""C1""","""D"":""D1"""
"""PID"":""f817911d367475d1cf3557cf88892b1b09cd625557122b325628afd00d1e1d42""","""O"":""r""","""X"":""X1""","""Y"":""Y0""","""P"":""P0""","""Q"":""Q0""","""R"":""R0""","""S"":""S1""","""A"":""A1""","""B"":""B0""","""C"":""C0""","""D"":""D0"""
"""PID"":""e001db1352f196d82bd679aacbd7c63b7c655407702b735858720c00aa2a5520""","""O"":""r""","""X"":""X1""","""Y"":""Y0""","""P"":""P0""","""Q"":""Q0""","""R"":""R0""","""S"":""S1""","""A"":""A1""","""B"":""B1""","""C"":""C1""","""D"":""D0"""
"""PID"":""081bb515ffc6aa9af02e3429a7341f31ac87106114e9f9986927180cf7a43adb""","""O"":""r""","""X"":""X1""","""Y"":""Y0""","""P"":""P0""","""Q"":""Q0""","""R"":""R0""","""S"":""S1""","""A"":""A1""","""B"":""B0""","""C"":""C0""","""D"":""D1"""
"""PID"":""fef4b62fae72cbbe09451d511b9fd546039dce3a302abe65407e8ea6b466d308""","""O"":""r""","""X"":""X0""","""Y"":""Y0""","""P"":""P1""","""Q"":""Q1""","""R"":""R0""","""S"":""S0""","""A"":""A1""","""B"":""B1""","""C"":""C0""","""D"":""D0"""
"""PID"":""427123d6265b337bbfd94a4816126e7a3e53fdc79e2383048693e10a8b152941""","""O"":""r""","""X"":""X0""","""Y"":""Y0""","""P"":""P1""","""Q"":""Q1""","""R"":""R0""","""S"":""S0""","""A"":""A1""","""B"":""B0""","""C"":""C0"""
"""PID"":""4b5b966dd8f3b994df622b1bbedce3a766d32938f3437645fb71e8d289ad9fea""","""O"":""r""","""X"":""X0""","""Y"":""Y0""","""P"":""P1""","""Q"":""Q1""","""R"":""R0""","""S"":""S0""","""A"":""A0""","""B"":""B0""","""D"":""D1"""
"""PID"":""904b263543211dfd6674dc3e2c5374566f8c27407fd9bef3e51b45642925702e""","""O"":""w""","""X"":""X1""","""Y"":""Y1""","""P"":""P1""","""Q"":""Q1""","""R"":""R1""","""S"":""S1""","""A"":""A0""","""B"":""B1""","""C"":""C0""","""D"":""D0"""
"""PID"":""72ae0c4dd145bd532bbc21dabe5fa0cfcbfcf0da1b5483e83a3d7cd5f1fcf4b8""","""O"":""w""","""X"":""X1""","""Y"":""Y1""","""P"":""P1""","""Q"":""Q1""","""R"":""R1""","""S"":""S1""","""A"":""A0""","""B"":""B1""","""C"":""C0"""
"""PID"":""fb662798238ec0a9c160a84f866cabac01b040fbd785de517b2db45ab6b0880c""","""O"":""w""","""X"":""X1""","""Y"":""Y1""","""P"":""P1""","""Q"":""Q1""","""R"":""R1""","""S"":""S1""","""A"":""A0""","""B"":""B1""","""C"":""C1""","""D"":""D0"""
"""PID"":""13afc543f01e73c3d6bdb087c8815d2002a02d623125c0501290b3d128ca2248""","""O"":""w""","""X"":""X1""","""Y"":""Y1""","""P"":""P1""","""Q"":""Q0""","""R"":""R1""","""S"":""S0""","""B"":""B0""","""D"":""D1"""
"""PID"":""261823b1b0fa11ed0c3dbb070c8ac3ba12d9190a810989daa84b9e94bb8a429d""","""O"":""w""","""X"":""X1""","""Y"":""Y1""","""P"":""P1""","""Q"":""Q0""","""R"":""R1""","""S"":""S0""","""A"":""A0""","""B"":""B1""","""C"":""C1"""
"""PID"":""158ca08af7314ba79b2c1b2fee5c322c60811fe98d44e131a64f68510e667ff1""","""O"":""w""","""X"":""X1""","""Y"":""Y1""","""P"":""P1""","""Q"":""Q0""","""R"":""R1""","""S"":""S0""","""A"":""A0""","""B"":""B1""","""D"":""D0"""
"""PID"":""51d8d6de6e49d00030378bc9ef895b741889c3e6c10ac0519e9387ae1e9cc787""","""O"":""r""","""X"":""X0""","""Y"":""Y1""","""P"":""P1""","""Q"":""Q1""","""R"":""R1""","""S"":""S0""","""A"":""A0""","""B"":""B1""","""C"":""C0""","""D"":""D0"""
"""PID"":""e5640b7e40282f00f42879b69c6a446f2dd06f572f2e7d60cc92c9c9b84476c5""","""O"":""r""","""X"":""X0""","""Y"":""Y1""","""P"":""P1""","""Q"":""Q1""","""R"":""R1""","""S"":""S0""","""A"":""A0""","""B"":""B0""","""C"":""C1""","""D"":""D0"""
"""PID"":""3399def0286f51bf275a42701301808b0d73f5c91c094576969f26d4ef214aee""","""O"":""r""","""X"":""X1""","""Y"":""Y1""","""P"":""P1""","""Q"":""Q0""","""R"":""R0""","""S"":""S0""","""A"":""A0""","""B"":""B0""","""C"":""C0""","""D"":""D1"""
"""PID"":""99665f9c1fa4ec5aa7cc6adf7780ea923209599c0c82aba9aefad400c71ad3ea""","""O"":""r""","""X"":""X1""","""Y"":""Y1""","""P"":""P1""","""Q"":""Q0""","""R"":""R0""","""S"":""S0""","""A"":""A1""","""B"":""B0""","""C"":""C1""","""D"":""D1"""
"""PID"":""235931e88821d736ae1fbc8b816830411ab3669f4a9ab22f88c0cec04b023b8a""","""O"":""r""","""X"":""X1""","""Y"":""Y1""","""P"":""P1""","""Q"":""Q0""","""R"":""R0""","""S"":""S0""","""A"":""A1""","""B"":""B1""","""C"":""C1""","""D"":""D0"""
"""PID"":""7a85f0c275cac9dae9c085ea80a3a004033ba4d87e4a5a120830388ae9b69fe4""","""O"":""r""","""X"":""X1""","""Y"":""Y1""","""P"":""P0""","""Q"":""Q1""","""R"":""R1""","""S"":""S1""","""A"":""A1""","""B"":""B1""","""D"":""D1"""
"""PID"":""b27677e8df5c4cfbf8a613b8b9604de68c71cf84b25e51ed17021ebc519b8b49""","""O"":""r""","""X"":""X1""","""Y"":""Y1""","""P"":""P0""","""Q"":""Q1""","""R"":""R1""","""S"":""S1""","""A"":""A1""","""B"":""B1""","""C"":""C1""","""D"":""D1"""
"""PID"":""34c2491807888e88c14d4d87ebd464d044d8452c8b2f2927a1f56c1bb04ac3f6""","""O"":""w""","""X"":""X1""","""Y"":""Y0""","""P"":""P0""","""Q"":""Q0""","""R"":""R1""","""S"":""S0""","""A"":""A0""","""B"":""B1""","""C"":""C0""","""D"":""D1"""
"""PID"":""673916ade6def9272adc0dfc8b8de99b4d5e9d71ee4daa7c739011c68ae48305""","""O"":""w""","""X"":""X1""","""Y"":""Y0""","""P"":""P0""","""Q"":""Q0""","""R"":""R1""","""S"":""S0""","""A"":""A0""","""B"":""B0""","""C"":""C0""","""D"":""D0"""
"""PID"":""c526eff3c3a18c38fa336626082bb827da12df07d06ae6fae920cb0b48007c66""","""O"":""w""","""X"":""X1""","""Y"":""Y0""","""P"":""P0""","""Q"":""Q0""","""R"":""R1""","""S"":""S0""","""A"":""A1""","""B"":""B0""","""C"":""C1""","""D"":""D0"""
"""PID"":""780d9699a56a95327c544a2dbd32dc5cf34df8caacde16e530402c5f360ab6c6""","""O"":""w""","""X"":""X0""","""Y"":""Y1""","""P"":""P1""","""Q"":""Q1""","""R"":""R0""","""S"":""S0""","""A"":""A1""","""C"":""C0""","""D"":""D0"""
"""PID"":""0fb5c514653c37cfbdd0c6636fa3fc5bc50c7f9b64b8fe434679a2cc8d73ce6b""","""O"":""w""","""X"":""X0""","""Y"":""Y1""","""P"":""P1""","""Q"":""Q1""","""R"":""R0""","""S"":""S0""","""A"":""A0""","""B"":""B0""","""C"":""C1""","""D"":""D1"""
"""PID"":""e80465e584950967e7fe3fa36a95ae8b93d1beebb950882ac124760e0206ef9b""","""O"":""w""","""X"":""X1""","""Y"":""Y0""","""P"":""P1""","""Q"":""Q1""","""R"":""R0""","""S"":""S1""","""A"":""A1""","""B"":""B1""","""C"":""C1""","""D"":""D0"""
"""PID"":""622bbb71bde41dc499d0d016dbe2dd4084c1df9bee3356c768741a34e274f13f""","""O"":""w""","""X"":""X1""","""Y"":""Y0""","""P"":""P1""","""Q"":""Q1""","""R"":""R0""","""S"":""S1""","""A"":""A1""","""B"":""B0""","""C"":""C1""","""D"":""D1"""
"""PID"":""8f32d3e240621053f6968d22ab08167a3a92b47a37b0b150ce9f905633ca810f""","""O"":""w""","""X"":""X1""","""Y"":""Y0""","""P"":""P1""","""Q"":""Q1""","""R"":""R0""","""S"":""S1""","""A"":""A1""","""B"":""B1""","""C"":""C0""","""D"":""D0"""
"""PID"":""6f590605adf81765f6be989aeab8fd02f678f44a7d12c9b5823957e07eb274bf""","""O"":""w""","""X"":""X0""","""Y"":""Y0""","""P"":""P1""","""Q"":""Q0""","""R"":""R0""","""S"":""S0""","""A"":""A1""","""B"":""B0""","""C"":""C0""","""D"":""D1"""
"""PID"":""9555bc1d46e8fbe01a10f614e6cf4f92236553bfae6bd5a08fda832d4f97f480""","""O"":""w""","""X"":""X0""","""Y"":""Y0""","""P"":""P1""","""Q"":""Q0""","""R"":""R0""","""S"":""S0""","""A"":""A1""","""B"":""B0""","""C"":""C1""","""D"":""D0"""
"""PID"":""1d6f0e5125203ba1cbd9a30409dd846c18e22f37e945841891d2be3fc3cd7ed1""","""O"":""w""","""X"":""X0""","""Y"":""Y0""","""P"":""P1""","""Q"":""Q0""","""R"":""R1""","""S"":""S1""","""A"":""A0""","""B"":""B1""","""C"":""C1""","""D"":""D1"""
"""PID"":""4e830924e4fdd7fbba1afadb15228a5ce0359032fcb119db0312540ec107a9be""","""O"":""w""","""X"":""X0""","""Y"":""Y0""","""P"":""P1""","""Q"":""Q0""","""R"":""R1""","""S"":""S1""","""A"":""A1""","""B"":""B0""","""C"":""C0""","""D"":""D1"""
"""PID"":""e85fea7f21cd1bf5c10814bf42f46f9d5660549d3ec5846f0b7627fa49917df4""","""O"":""w""","""X"":""X0""","""Y"":""Y0""","""P"":""P1""","""Q"":""Q0""","""R"":""R1""","""S"":""S1""","""A"":""A0""","""D"":""D1"""
"""PID"":""c1b9dc834f45ba7025625e3c03a87362cff527e4383e4532972d60ac822a5360""","""O"":""r""","""X"":""X1""","""Y"":""Y1""","""P"":""P1""","""Q"":""Q1""","""R"":""R0""","""S"":""S1""","""A"":""A1""","""B"":""B1""","""C"":""C0""","""D"":""D0"""
"""PID"":""bbd2f0cf4b0b04fd30b3c8a2ee5a57e2e34b5d12cfdd384b5a98f3200892af2b""","""O"":""r""","""X"":""X1""","""Y"":""Y1""","""P"":""P1""","""Q"":""Q1""","""R"":""R0""","""S"":""S1""","""A"":""A1""","""B"":""B1""","""C"":""C1""","""D"":""D1"""
"""PID"":""97ca123de133789f818af3e926ec5b28f53b4547e0db8b7918727a31e5eeb228""","""O"":""r""","""X"":""X1""","""Y"":""Y1""","""P"":""P1""","""Q"":""Q1""","""R"":""R0""","""S"":""S1""","""A"":""A0""","""B"":""B0""","""C"":""C1""","""D"":""D1"""
"""PID"":""7bb76f3d2fc75ea12a8e87d23cdbd9f991d66e46ab2aefe5c0677637536a8359""","""O"":""w""","""X"":""X1""","""Y"":""Y0""","""P"":""P1""","""Q"":""Q1""","""R"":""R1""","""S"":""S1""","""A"":""A1""","""B"":""B0""","""C"":""C1"""
"""PID"":""f9795f1146be9dd1ae226d616a10730d0a62d980cfc2cbbde3921d9974f70c38""","""O"":""w""","""X"":""X1""","""Y"":""Y0""","""P"":""P1""","""Q"":""Q1""","""R"":""R1""","""S"":""S1""","""B"":""B0""","""C"":""C1"""
"""PID"":""102ddafacd5b59287b38d1d296495aa1f2f8eb4682dd890f275b15c2445ba4a1""","""O"":""w""","""X"":""X1""","""Y"":""Y0""","""P"":""P1""","""Q"":""Q1""","""R"":""R1""","""S"":""S1""","""A"":""A0""","""B"":""B1""","""D"":""D1"""
"""PID"":""9f8bbfa21db33875478c36c628450775d18228878a9ef41a9363032f5db2387f""","""O"":""w""","""X"":""X0""","""Y"":""Y1""","""P"":""P1""","""Q"":""Q0""","""R"":""R1""","""S"":""S1""","""A"":""A0""","""B"":""B1""","""C"":""C1""","""D"":""D0"""
"""PID"":""5adc7f28f07601751e57e88dd64e225c02f48a51cb6bf1110ae3e5e86546dafa""","""O"":""w""","""X"":""X0""","""Y"":""Y1""","""P"":""P1""","""Q"":""Q0""","""R"":""R1""","""S"":""S1""","""A"":""A0""","""B"":""B0""","""C"":""C1""","""D"":""D0"""
"""PID"":""7b9867539e5408a300615e5c34611daf24054cb437e28bfbf19c6237b1d40763""","""O"":""w""","""X"":""X0""","""Y"":""Y1""","""P"":""P1""","""Q"":""Q0""","""R"":""R1""","""S"":""S1""","""A"":""A1""","""C"":""C1""","""D"":""D1"""
"""PID"":""61095e9a593641558bf27c11f79e30e2a58b04e58de72ba61aff8ace6a6ee12c""","""O"":""r""","""X"":""X1""","""Y"":""Y1""","""P"":""P0""","""Q"":""Q1""","""R"":""R0""","""S"":""S0""","""A"":""A0""","""C"":""C0""","""D"":""D1"""
"""PID"":""78ebe31a199358e03d9d385f809fcc46aa3ab979834c5d96c87ddf9691de5a4c""","""O"":""r""","""X"":""X1""","""Y"":""Y1""","""P"":""P0""","""Q"":""Q1""","""R"":""R0""","""S"":""S0""","""A"":""A0""","""B"":""B1""","""C"":""C0""","""D"":""D0"""
"""PID"":""d603e0f3fb4b8702bacf8dbf54a16abf0f21fccab64c2a7e70935e41d73ba4b4""","""O"":""r""","""X"":""X1""","""Y"":""Y1""","""P"":""P0""","""Q"":""Q1""","""R"":""R0""","""S"":""S0""","""A"":""A0""","""B"":""B0""","""C"":""C1""","""D"":""D0"""
"""PID"":""5d0a52a973a62458dc02f45af6cd99eefa8082d69970c27ac6d955054a8a0357""","""O"":""r""","""X"":""X0""","""Y"":""Y1""","""P"":""P1""","""Q"":""Q0""","""R"":""R1""","""S"":""S1""","""A"":""A1""","""B"":""B1""","""C"":""C1""","""D"":""D0"""
"""PID"":""88089a770676b2910f191ee4c762ed549e22dbcf907e04e2b3267ec57ceec2f2""","""O"":""r""","""X"":""X0""","""Y"":""Y1""","""P"":""P1""","""Q"":""Q0""","""R"":""R1""","""S"":""S1""","""A"":""A1""","""B"":""B1""","""C"":""C1""","""D"":""D1"""
"""PID"":""f4bcbe623a9a28878262c60d912629a9383d96347a6760ca104220c44fad9493""","""O"":""r""","""X"":""X1""","""Y"":""Y1""","""P"":""P1""","""Q"":""Q0""","""R"":""R1""","""S"":""S0""","""A"":""A1""","""B"":""B1""","""C"":""C1""","""D"":""D0"""
"""PID"":""82ce92101a2eba4fa9532f280244b5ca9bdd7cca51336e51b4ccb8f166a43711""","""O"":""r""","""X"":""X1""","""Y"":""Y1""","""P"":""P1""","""Q"":""Q0""","""R"":""R1""","""S"":""S0""","""A"":""A1""","""B"":""B0""","""C"":""C1"""
"""PID"":""158edae5251d2eb541be40907a82fb3f7fe363605205b9d8fa976c6d4bdb96b4""","""O"":""w""","""X"":""X0""","""Y"":""Y1""","""P"":""P1""","""Q"":""Q1""","""R"":""R1""","""S"":""S1""","""A"":""A1""","""B"":""B1""","""C"":""C1""","""D"":""D0"""
"""PID"":""36bb0757ecd91a18781c52f789b5c06930bf9370982b2dd4b0487c5505fab731""","""O"":""w""","""X"":""X0""","""Y"":""Y1""","""P"":""P1""","""Q"":""Q1""","""R"":""R1""","""S"":""S1""","""A"":""A1""","""B"":""B0""","""C"":""C1"""
"""PID"":""f4d748983be4ad1efca46ef0ff8ab6e8e82c458b567faec9790c91ae9320014a""","""O"":""w""","""X"":""X0""","""Y"":""Y1""","""P"":""P0""","""Q"":""Q1""","""R"":""R1""","""S"":""S0""","""A"":""A1""","""B"":""B1""","""C"":""C1""","""D"":""D1"""
"""PID"":""a4d9ad8f4b54add2a0f0ae9194e366cc4a717b161f48ee6a501ae02b0ac8b7ca""","""O"":""w""","""X"":""X0""","""Y"":""Y1""","""P"":""P0""","""Q"":""Q1""","""R"":""R1""","""S"":""S0""","""A"":""A1""","""B"":""B0""","""D"":""D0"""
"""PID"":""c9e221999cf572879beb7dbee3fee8b4c220903cb86af3aa7961291da1aeaf23""","""O"":""r""","""X"":""X1""","""Y"":""Y0""","""P"":""P0""","""Q"":""Q0""","""R"":""R0""","""S"":""S0""","""A"":""A1""","""B"":""B1""","""C"":""C0""","""D"":""D0"""
"""PID"":""2b08ee7074f28cf83edc2a21246f13bf8141eef180bb5b09200275ec106c2892""","""O"":""r""","""X"":""X1""","""Y"":""Y0""","""P"":""P0""","""Q"":""Q0""","""R"":""R0""","""S"":""S0""","""A"":""A1""","""B"":""B1""","""C"":""C1""","""D"":""D1"""
"""PID"":""72edfcdb60c84cb2d014d37bdfae668d3042f787b1bc4648755327dba3f3e706""","""O"":""r""","""X"":""X1""","""Y"":""Y0""","""P"":""P0""","""Q"":""Q0""","""R"":""R0""","""S"":""S0""","""A"":""A1""","""B"":""B0""","""D"":""D1"""
"""PID"":""d45b89623345052e9a9377df66ec56f56d2a9d7e57103756a15336d28fe1ac78""","""O"":""w""","""X"":""X1""","""Y"":""Y0""","""P"":""P1""","""Q"":""Q0""","""R"":""R0""","""S"":""S0""","""A"":""A0""","""C"":""C1""","""D"":""D0"""
"""PID"":""5a3feeabf409dae53b910e32591910c4e445c5211112c3c77de780478bed0186""","""O"":""w""","""X"":""X1""","""Y"":""Y0""","""P"":""P1""","""Q"":""Q0""","""R"":""R0""","""S"":""S0""","""A"":""A1""","""B"":""B0""","""C"":""C0""","""D"":""D1"""
"""PID"":""2ac1132a3b916f1b298f8cf87aadaeea89100f4c375d9de115105cfb3fba28b0""","""O"":""w""","""X"":""X1""","""Y"":""Y0""","""P"":""P1""","""Q"":""Q0""","""R"":""R0""","""S"":""S0""","""A"":""A0""","""B"":""B1""","""C"":""C1""","""D"":""D0"""
"""PID"":""2a6575ab89b5d64d4164b9f3472ac29b894d0113658780eec1bafb5eb80275ab""","""O"":""w""","""X"":""X1""","""Y"":""Y0""","""P"":""P1""","""Q"":""Q0""","""R"":""R1""","""S"":""S0""","""A"":""A1""","""B"":""B0""","""D"":""D0"""
"""PID"":""e2303ba8ab0725f79f2ead1d487ac1a77e3174d954f2438df4a45c08ee2cefaa""","""O"":""w""","""X"":""X1""","""Y"":""Y0""","""P"":""P1""","""Q"":""Q0""","""R"":""R1""","""S"":""S0""","""A"":""A0""","""B"":""B1""","""C"":""C1""","""D"":""D0"""
"""PID"":""57d5ccb01e31cc366fa73fb5fa5f6402e83ff70d1a82ee54a963f2db111bdc8d""","""O"":""w""","""X"":""X1""","""Y"":""Y0""","""P"":""P1""","""Q"":""Q0""","""R"":""R1""","""S"":""S0""","""A"":""A0""","""B"":""B0""","""C"":""C0""","""D"":""D1"""
"""PID"":""60c3a11679b92c3c464a444f60d7b4cce460050c37db54d65626e40da14a10d9""","""O"":""r""","""X"":""X0""","""Y"":""Y0""","""P"":""P1""","""Q"":""Q1""","""R"":""R0""","""S"":""S1""","""A"":""A0""","""B"":""B0""","""D"":""D1"""
"""PID"":""6d830ca59bbb53290be3aa380effeb2916249814061cb6dda773bfb8016ef245""","""O"":""r""","""X"":""X0""","""Y"":""Y0""","""P"":""P1""","""Q"":""Q1""","""R"":""R0""","""S"":""S1""","""A"":""A0""","""C"":""C0"""
"""PID"":""4f2bb633646f2547e5fb47e8d27a166ac67e324fc9dd8c30a81f9ffba783866f""","""O"":""r""","""X"":""X0""","""Y"":""Y0""","""P"":""P1""","""Q"":""Q1""","""R"":""R0""","""S"":""S1""","""A"":""A0""","""B"":""B1""","""C"":""C0""","""D"":""D0"""
"""PID"":""5500317e31ba7b29a50949a053a5a6f85048833ad5691f9e0d9154b22a79e694""","""O"":""w""","""X"":""X0""","""Y"":""Y0""","""P"":""P0""","""Q"":""Q1""","""R"":""R0""","""S"":""S0""","""A"":""A1""","""B"":""B0""","""C"":""C0""","""D"":""D1"""
"""PID"":""244a06264f615bd3dd9affe58a9342ef2498b1bef5fd27be1308baefd5bd93ac""","""O"":""w""","""X"":""X0""","""Y"":""Y0""","""P"":""P0""","""Q"":""Q1""","""R"":""R0""","""S"":""S0""","""A"":""A0""","""B"":""B0""","""C"":""C1""","""D"":""D1"""
"""PID"":""e484be87ffb6bf12edc78c546e76059e137bb5cf32910c7c4abfd049953b5bea""","""O"":""w""","""X"":""X1""","""Y"":""Y1""","""P"":""P1""","""Q"":""Q0""","""R"":""R0""","""S"":""S0""","""A"":""A0""","""B"":""B0""","""D"":""D0"""
"""PID"":""5a91038a75dd106058fd1a8977ffde7f708cd8dc2c455c8ba9d8a7252d0a3cc3""","""O"":""w""","""X"":""X1""","""Y"":""Y1""","""P"":""P1""","""Q"":""Q0""","""R"":""R0""","""S"":""S0""","""A"":""A0""","""B"":""B0""","""C"":""C1""","""D"":""D1"""
"""PID"":""2b1129454d169d8b328e274f629ea594851f99181aade66f42f318b4f7c44adf""","""O"":""w""","""X"":""X0""","""Y"":""Y1""","""P"":""P0""","""Q"":""Q0""","""R"":""R0""","""S"":""S1""","""A"":""A0""","""B"":""B1""","""C"":""C0""","""D"":""D1"""
"""PID"":""78087ce4dc56827e5a482004d9c0e8095ef3ebd4ef9eea93814ebee8cf2dbf56""","""O"":""w""","""X"":""X0""","""Y"":""Y1""","""P"":""P0""","""Q"":""Q0""","""R"":""R0""","""S"":""S1""","""A"":""A0""","""B"":""B0""","""C"":""C1""","""D"":""D0"""
"""PID"":""9cfab8976dbb0ebadfb610324085ce780a6dbdb81df78d8e37adf20ef7578e30""","""O"":""w""","""X"":""X1""","""Y"":""Y0""","""P"":""P0""","""Q"":""Q1""","""R"":""R0""","""S"":""S0""","""A"":""A1""","""B"":""B1""","""D"":""D0"""
"""PID"":""69aa5af59e52ab6cbaf69d80758e3ca5bd896f6297d6f01c8dea60faaf305865""","""O"":""w""","""X"":""X1""","""Y"":""Y0""","""P"":""P0""","""Q"":""Q1""","""R"":""R0""","""S"":""S0""","""A"":""A0""","""B"":""B0""","""C"":""C0"""
"""PID"":""6b40df0058536e4482b248a5e19be0db05ff3dde3d1c32a3fd0b2fd8ea1b6f47""","""O"":""w""","""X"":""X1""","""Y"":""Y0""","""P"":""P0""","""Q"":""Q1""","""R"":""R0""","""S"":""S0""","""A"":""A1""","""B"":""B1""","""C"":""C0"""
"""PID"":""3b938ececbbacae2a4e4305215af69a583b7109a60415f6971cd6443d168dc5f""","""O"":""w""","""X"":""X0""","""Y"":""Y0""","""P"":""P0""","""Q"":""Q0""","""R"":""R1""","""S"":""S1""","""A"":""A1""","""B"":""B0""","""C"":""C1""","""D"":""D0"""
"""PID"":""09c0bd0e5e84de87352cdaf5778c10e39edc3ba328b7c37e246dd7258276ffc3""","""O"":""w""","""X"":""X0""","""Y"":""Y0""","""P"":""P0""","""Q"":""Q0""","""R"":""R1""","""S"":""S1""","""B"":""B0""","""C"":""C0""","""D"":""D1"""
"""PID"":""a016147cd969b24affabcb6ec4bc0d6f462878cf129829e9a26cc4064476683c""","""O"":""w""","""X"":""X0""","""Y"":""Y0""","""P"":""P0""","""Q"":""Q0""","""R"":""R0""","""S"":""S0""","""A"":""A0""","""B"":""B0""","""D"":""D0"""
"""PID"":""1f70deb8315edfc6e2c9aea154a3202106e593d06f51949612e8ecf0d11132fa""","""O"":""w""","""X"":""X0""","""Y"":""Y0""","""P"":""P0""","""Q"":""Q0""","""R"":""R0""","""S"":""S0""","""B"":""B0""","""C"":""C1""","""D"":""D0"""
"""PID"":""fc9d8d0512a59a53bcd033d260a0393431fe0a1525e9b3276fefb45a4df5516a""","""O"":""r""","""X"":""X0""","""Y"":""Y0""","""P"":""P0""","""Q"":""Q1""","""R"":""R0""","""S"":""S0""","""B"":""B1""","""C"":""C0""","""D"":""D1"""
"""PID"":""753dbdd4ad1b7f17a40c52ee2dc6ab6e50b7df996aeebf49175571b763e5da53""","""O"":""r""","""X"":""X0""","""Y"":""Y0""","""P"":""P0""","""Q"":""Q1""","""R"":""R0""","""S"":""S0""","""A"":""A1""","""B"":""B1"""
"""PID"":""6979cd26df90eb31f65ab9e73745086ed7856d78b4c943372b960fd383616ac3""","""O"":""r""","""X"":""X0""","""Y"":""Y0""","""P"":""P0""","""Q"":""Q1""","""R"":""R0""","""S"":""S0""","""A"":""A1""","""B"":""B0""","""C"":""C0""","""D"":""D1"""
"""PID"":""f4bca9185bc1f130b2f16ef3248602c2116748189154ca64dc374d53d2874f69""","""O"":""w""","""X"":""X0""","""Y"":""Y1""","""P"":""P0""","""Q"":""Q1""","""R"":""R1""","""S"":""S1""","""B"":""B0""","""C"":""C1"""
"""PID"":""d88ec8bb17f33c42fd6a6d0113705adcd9640e1802781a53e169cc7ba08c831a""","""O"":""w""","""X"":""X0""","""Y"":""Y1""","""P"":""P0""","""Q"":""Q1""","""R"":""R1""","""S"":""S1""","""A"":""A1""","""C"":""C0""","""D"":""D0"""
"""PID"":""bc4a292a9c3e1a4689ed38238bd3222a0ef3f2da8dfc7b8f1e240657ba65ef1a""","""O"":""w""","""X"":""X1""","""Y"":""Y0""","""P"":""P0""","""Q"":""Q1""","""R"":""R0""","""S"":""S1""","""A"":""A1""","""B"":""B0""","""D"":""D1"""
"""PID"":""84746c578465c73eaba6c8b91f697afa3f93c5daa165067a27629fd377021fab""","""O"":""w""","""X"":""X1""","""Y"":""Y0""","""P"":""P0""","""Q"":""Q1""","""R"":""R0""","""S"":""S1""","""A"":""A0""","""B"":""B0"""
"""PID"":""3988fe4d3ed8c39b2fc9f1a14815da2f15c534cfca963491fb3fbd88e504a49a""","""O"":""w""","""X"":""X1""","""Y"":""Y0""","""P"":""P0""","""Q"":""Q1""","""R"":""R0""","""S"":""S1""","""B"":""B0""","""D"":""D0"""
"""PID"":""bf3ed034fd34d9c0247a50257027ff9496fe23da3004fadfab9241678899e730""","""O"":""r""","""X"":""X0""","""Y"":""Y0""","""P"":""P0""","""Q"":""Q0""","""R"":""R0""","""S"":""S1""","""A"":""A1""","""C"":""C1""","""D"":""D0"""
"""PID"":""dfc900cd0d4168b65fa7143a8a67423cee56d1a27c9b47379a827141b2ca0c28""","""O"":""r""","""X"":""X0""","""Y"":""Y0""","""P"":""P0""","""Q"":""Q0""","""R"":""R0""","""S"":""S1""","""A"":""A0""","""B"":""B0""","""C"":""C0""","""D"":""D1"""
"""PID"":""bfa97eca2ca5fefe602bf8696a0e677b9007f2831e2ed825113b8a8ccdf1a028""","""O"":""r""","""X"":""X0""","""Y"":""Y1""","""P"":""P1""","""Q"":""Q1""","""R"":""R1""","""S"":""S1""","""A"":""A0""","""C"":""C0""","""D"":""D0"""
"""PID"":""468a71c8fa47af24b648f884f572669d1e5bb77fe2211416feccf8cef83fe050""","""O"":""r""","""X"":""X0""","""Y"":""Y1""","""P"":""P1""","""Q"":""Q1""","""R"":""R1""","""S"":""S1""","""A"":""A0""","""B"":""B0""","""C"":""C1""","""D"":""D0"""
"""PID"":""097d97ff5218ae3ff3edc2da195abc55c2e305b7b628497ab4b72a128e316103""","""O"":""r""","""X"":""X1""","""Y"":""Y1""","""P"":""P0""","""Q"":""Q0""","""R"":""R1""","""S"":""S1""","""A"":""A0""","""B"":""B1""","""C"":""C1"""
"""PID"":""475f8e1ad880ade90d256f2c45f55c0d98ae60240acd7e39ef91c3da9ea0fa13""","""O"":""r""","""X"":""X1""","""Y"":""Y1""","""P"":""P0""","""Q"":""Q0""","""R"":""R1""","""S"":""S1""","""B"":""B1""","""C"":""C1""","""D"":""D1"""
"""PID"":""57e6d87eb9f5badad009a1901a2b84841970c3273998c22f729ddde2d7ce0b20""","""O"":""r""","""X"":""X1""","""Y"":""Y1""","""P"":""P0""","""Q"":""Q1""","""R"":""R1""","""S"":""S0""","""B"":""B1""","""C"":""C0""","""D"":""D0"""
"""PID"":""33cc2233897f2a6211771171650bc92eb4191540524fbeefc98ebba4fb38a937""","""O"":""r""","""X"":""X1""","""Y"":""Y1""","""P"":""P0""","""Q"":""Q1""","""R"":""R1""","""S"":""S0""","""A"":""A0""","""B"":""B1""","""C"":""C0""","""D"":""D1"""
"""PID"":""560ad66e53c0676cc10f6431c670434a02f278f1726bffdba0a418865590aa2f""","""O"":""w""","""X"":""X1""","""Y"":""Y1""","""P"":""P1""","""Q"":""Q1""","""R"":""R0""","""S"":""S0""","""A"":""A0""","""C"":""C1""","""D"":""D0"""
"""PID"":""fb85b0c1b4e55fd9d0dbfe47a4c445c1b3557a1931bc9b3d9cc101ae1d87ea88""","""O"":""w""","""X"":""X1""","""Y"":""Y1""","""P"":""P1""","""Q"":""Q1""","""R"":""R0""","""S"":""S0""","""B"":""B0""","""C"":""C1""","""D"":""D0"""
"""PID"":""c1dddea97c57a05217cd3e0243985875a208132a391fbad24793449ea8692be7""","""O"":""w""","""X"":""X1""","""Y"":""Y1""","""P"":""P1""","""Q"":""Q1""","""R"":""R0""","""S"":""S0""","""C"":""C0""","""D"":""D0"""
"""PID"":""a7e12e900f9099b4fe1c4e4d2ed83e40df7d44469bde739b8b114684f186dff6""","""O"":""r""","""X"":""X1""","""Y"":""Y1""","""P"":""P0""","""Q"":""Q0""","""R"":""R1""","""S"":""S0""","""A"":""A1""","""B"":""B0""","""C"":""C1"""
"""PID"":""ccd339d9e4c67ec65fae506106308ca354a7e9edb957d0945f49f5f42ad3933d""","""O"":""r""","""X"":""X1""","""Y"":""Y1""","""P"":""P0""","""Q"":""Q0""","""R"":""R1""","""S"":""S0""","""A"":""A0""","""C"":""C0""","""D"":""D1"""
"""PID"":""d771a5dc09dda96d59768d0a6764eff16f37267063196b2382958c2a3d52f93c""","""O"":""r""","""X"":""X1""","""Y"":""Y1""","""P"":""P0""","""Q"":""Q0""","""R"":""R1""","""S"":""S0""","""A"":""A1""","""B"":""B0""","""C"":""C0""","""D"":""D0"""
"""PID"":""4880bc24715ce04ec7c501ea4499c52b841b4105c02833e2d404b4ab7890688e""","""O"":""w""","""X"":""X1""","""Y"":""Y0""","""P"":""P0""","""Q"":""Q1""","""R"":""R1""","""S"":""S0""","""A"":""A1""","""B"":""B1""","""C"":""C0""","""D"":""D0"""
"""PID"":""4a60d865e6a36087c9f1c63a13a5902be09fc1b321afbc364d80a74b450907bb""","""O"":""w""","""X"":""X1""","""Y"":""Y0""","""P"":""P0""","""Q"":""Q1""","""R"":""R1""","""S"":""S0""","""A"":""A1""","""B"":""B0""","""C"":""C0""","""D"":""D1"""
"""PID"":""0a9e26288530ae3dd9a7eba6da8fd440937ad14893981b026142e3a5254ced21""","""O"":""r""","""X"":""X1""","""Y"":""Y0""","""P"":""P1""","""Q"":""Q1""","""R"":""R0""","""S"":""S0""","""A"":""A0""","""C"":""C1""","""D"":""D1"""
"""PID"":""b059b203f0d89a3790e63dc00bd66c4fa584a758ec930b7571c45f1ea15de1a4""","""O"":""r""","""X"":""X1""","""Y"":""Y0""","""P"":""P1""","""Q"":""Q1""","""R"":""R0""","""S"":""S0""","""A"":""A1""","""B"":""B0""","""C"":""C0""","""D"":""D1"""
"""PID"":""201614646aa161a41815500f35b1a558f457fdad9d60a2f063bdeb099d2a76d0""","""O"":""r""","""X"":""X1""","""Y"":""Y0""","""P"":""P1""","""Q"":""Q1""","""R"":""R0""","""S"":""S0""","""A"":""A0""","""B"":""B1""","""C"":""C1""","""D"":""D0"""
"""PID"":""03909d1745135add69f6a5ec4d595afa47d1da1e9ca0df356745c5d9849057b8""","""O"":""w""","""X"":""X0""","""Y"":""Y0""","""P"":""P1""","""Q"":""Q1""","""R"":""R1""","""S"":""S0""","""A"":""A1""","""B"":""B0""","""C"":""C1"""
"""PID"":""729370b3163ce69becb0dd53b7d6d4a20ff5d9617717388ca972b8379e72e8a9""","""O"":""w""","""X"":""X0""","""Y"":""Y0""","""P"":""P1""","""Q"":""Q1""","""R"":""R1""","""S"":""S0""","""A"":""A1""","""B"":""B1""","""C"":""C1""","""D"":""D0"""
"""PID"":""c5da9fe7ed324cb9ffde57caee97f633179d1baf286a65e6701ca542a6c3a9cc""","""O"":""w""","""X"":""X1""","""Y"":""Y0""","""P"":""P0""","""Q"":""Q1""","""R"":""R1""","""S"":""S1""","""A"":""A1""","""B"":""B1""","""C"":""C0""","""D"":""D0"""
"""PID"":""ffe1575df4631ca36a7837bbc9b4a81b3b2f9dd2cb4fdfa47bf528cc168abbd2""","""O"":""w""","""X"":""X1""","""Y"":""Y0""","""P"":""P0""","""Q"":""Q1""","""R"":""R1""","""S"":""S1""","""A"":""A1""","""B"":""B0""","""C"":""C0""","""D"":""D0"""
"""PID"":""5ef35e63c0b449b8487c771f7e0fd72c1e375f231a05db32baeca71949c99823""","""O"":""w""","""X"":""X1""","""Y"":""Y0""","""P"":""P0""","""Q"":""Q1""","""R"":""R1""","""S"":""S1""","""A"":""A1""","""B"":""B1""","""C"":""C1""","""D"":""D0"""
"""PID"":""299d5a0c435c441cb3dddbdd4e99b43d43f69c3a9ae9f2f1b0ffbc389ebcc031""","""O"":""r""","""X"":""X1""","""Y"":""Y1""","""P"":""P0""","""Q"":""Q0""","""R"":""R0""","""S"":""S1""","""A"":""A1""","""B"":""B1""","""C"":""C1""","""D"":""D1"""
"""PID"":""ab5bc373bae5cd069df2a1d64168e12cf3aad2c13df57d21d8969c0ce480223e""","""O"":""r""","""X"":""X1""","""Y"":""Y1""","""P"":""P0""","""Q"":""Q0""","""R"":""R0""","""S"":""S1""","""A"":""A1""","""B"":""B1""","""C"":""C0""","""D"":""D0"""
"""PID"":""003280af2a51095c29c565253557513f043041fecf167f2e0dc4fc42f3871247""","""O"":""r""","""X"":""X1""","""Y"":""Y1""","""P"":""P0""","""Q"":""Q0""","""R"":""R0""","""S"":""S1""","""A"":""A1""","""D"":""D0"""
"""PID"":""b4fd4980a2a68a45132aabe803910e7db12c4dd13152ec4432939f35b51cfb1f""","""O"":""r""","""X"":""X0""","""Y"":""Y1""","""P"":""P0""","""Q"":""Q0""","""R"":""R0""","""S"":""S1""","""A"":""A0""","""B"":""B1""","""C"":""C1""","""D"":""D1"""
"""PID"":""9a58db1c5abaa106171a160ed0357af838da3fb58bd27bbd70ba1177275493c3""","""O"":""r""","""X"":""X0""","""Y"":""Y1""","""P"":""P0""","""Q"":""Q0""","""R"":""R0""","""S"":""S1""","""A"":""A0""","""B"":""B0""","""C"":""C0""","""D"":""D0"""
"""PID"":""8dcde286990e191dd0e55fe1e751c6d9067d8b4774edcc50117291213abadc8a""","""O"":""r""","""X"":""X0""","""Y"":""Y1""","""P"":""P0""","""Q"":""Q0""","""R"":""R0""","""S"":""S1""","""A"":""A0""","""B"":""B1""","""C"":""C1""","""D"":""D0"""
"""PID"":""a93eb635cf97e16d800124a37752fd978cbe1563e2c79534adf8d5cf94313e08""","""O"":""r""","""X"":""X1""","""Y"":""Y0""","""P"":""P0""","""Q"":""Q0""","""R"":""R1""","""S"":""S1""","""A"":""A0""","""C"":""C0""","""D"":""D1"""
"""PID"":""7faea32b5e63dbf53177269ac0bf0f18ff58720aebb22d1516ddbe3b51662e70""","""O"":""r""","""X"":""X1""","""Y"":""Y0""","""P"":""P0""","""Q"":""Q0""","""R"":""R1""","""S"":""S1""","""A"":""A0""","""B"":""B0""","""C"":""C1""","""D"":""D1"""
"""PID"":""04c07300263d2650386689e74b58078d5e70e2d9c5bc35bf3cddc216efe0e918""","""O"":""w""","""X"":""X0""","""Y"":""Y1""","""P"":""P0""","""Q"":""Q0""","""R"":""R1""","""S"":""S0""","""A"":""A0""","""B"":""B0""","""C"":""C0""","""D"":""D1"""
"""PID"":""cb5680571f6cbf974469730540e4a536fc552aab85ade4f578c0e11bccd55bdd""","""O"":""w""","""X"":""X0""","""Y"":""Y1""","""P"":""P0""","""Q"":""Q0""","""R"":""R1""","""S"":""S0""","""A"":""A0""","""B"":""B0""","""D"":""D1"""
"""PID"":""4609efa853016d26f035259cfdf4f112b24a8d8b6454fdd8843b9e5b37f70654""","""O"":""r""","""X"":""X0""","""Y"":""Y1""","""P"":""P0""","""Q"":""Q1""","""R"":""R1""","""S"":""S1""","""A"":""A0""","""B"":""B0""","""C"":""C0""","""D"":""D1"""
"""PID"":""9975a971aba1122d1561131dea91f9acc8325ed14673e61eeca68d426cfc91dc""","""O"":""r""","""X"":""X0""","""Y"":""Y1""","""P"":""P0""","""Q"":""Q1""","""R"":""R1""","""S"":""S1""","""A"":""A0""","""B"":""B1""","""C"":""C0""","""D"":""D0"""
"""PID"":""656fd69fbbbf6c6bbc0cde906b0aa365f8af785feb0840811463700aa18b4b34""","""O"":""r""","""X"":""X0""","""Y"":""Y1""","""P"":""P0""","""Q"":""Q1""","""R"":""R1""","""S"":""S1""","""A"":""A0""","""B"":""B0""","""C"":""C1""","""D"":""D1"""
"""PID"":""60d46c836761441544ef80cc0bc03512e973e8800123c3d53af3112a803451b5""","""O"":""w""","""X"":""X1""","""Y"":""Y0""","""P"":""P0""","""Q"":""Q0""","""R"":""R1""","""S"":""S1""","""A"":""A0""","""B"":""B1""","""C"":""C1""","""D"":""D1"""
"""PID"":""2980a042f29c0cd1eec42459109198a6d1ea5e95cad95ab6d40d01c23315bf76""","""O"":""w""","""X"":""X1""","""Y"":""Y0""","""P"":""P0""","""Q"":""Q0""","""R"":""R1""","""S"":""S1""","""B"":""B0""","""C"":""C1""","""D"":""D1"""
"""PID"":""a1e094c47063ea3b1fbfe40920f51ddaccb617267fc711adba5641a20855f8f9""","""O"":""w""","""X"":""X1""","""Y"":""Y0""","""P"":""P0""","""Q"":""Q0""","""R"":""R1""","""S"":""S1""","""A"":""A1""","""B"":""B1""","""C"":""C1""","""D"":""D1"""
"""PID"":""959f9cfe23814fe34c87f3549d33ac4b5099b6e9a12dc6bc88478e4a829705fe""","""O"":""w""","""X"":""X0""","""Y"":""Y0""","""P"":""P0""","""Q"":""Q0""","""R"":""R0""","""S"":""S1""","""A"":""A1""","""B"":""B0""","""C"":""C0""","""D"":""D0"""
"""PID"":""bc7f4ec6e344a27fac67f8dbe1c28a5eb4e87a6d18f8e71d1726e39a6b3f2630""","""O"":""w""","""X"":""X0""","""Y"":""Y0""","""P"":""P0""","""Q"":""Q0""","""R"":""R0""","""S"":""S1""","""B"":""B0""","""C"":""C1""","""D"":""D1"""
"""PID"":""fc90b6eddebfaa3bc3ecc1fca5d081794d069434dc9c55e64476a51aa50e7d28""","""O"":""w""","""X"":""X0""","""Y"":""Y0""","""P"":""P0""","""Q"":""Q0""","""R"":""R0""","""S"":""S1""","""A"":""A1""","""B"":""B0""","""C"":""C1""","""D"":""D0"""
"""PID"":""7fdebe31a15b135cab61c127d76377b77d460ac54a7986c58e71e5a3d0c65b0d""","""O"":""r""","""X"":""X1""","""Y"":""Y0""","""P"":""P1""","""Q"":""Q1""","""R"":""R0""","""S"":""S1""","""A"":""A1""","""C"":""C1""","""D"":""D0"""
"""PID"":""7c5f5fb2631477269a0378d3976f9159078de3183322e091b093bf738c53b9f9""","""O"":""w""","""X"":""X1""","""Y"":""Y1""","""P"":""P0""","""Q"":""Q0""","""R"":""R1""","""S"":""S1""","""B"":""B0""","""C"":""C0""","""D"":""D0"""
"""PID"":""8d511522580823d071fed843090c90bcfad570134cd61c021f91cdcae9cee55e""","""O"":""w""","""X"":""X1""","""Y"":""Y1""","""P"":""P0""","""Q"":""Q0""","""R"":""R1""","""S"":""S1""","""A"":""A0""","""B"":""B0""","""C"":""C1""","""D"":""D0"""
"""PID"":""25c84deb8ebae69ea0ac5696d270ecf4a69b49664f025e988dc86e0a14024629""","""O"":""w""","""X"":""X1""","""Y"":""Y1""","""P"":""P0""","""Q"":""Q0""","""R"":""R1""","""S"":""S1""","""C"":""C0""","""D"":""D0"""
"""PID"":""d6e71fbf4d88d36b74ebd05146e7fada0f087f2d69f6894160273a49fdfaf5f6""","""O"":""r""","""X"":""X1""","""Y"":""Y0""","""P"":""P0""","""Q"":""Q1""","""R"":""R0""","""S"":""S0""","""A"":""A0""","""B"":""B1""","""C"":""C1""","""D"":""D0"""
"""PID"":""052890f35fced8f49c6975d2c31f7338f2c5bf009e6e0f48c520fc4b1abdb2b3""","""O"":""r""","""X"":""X1""","""Y"":""Y0""","""P"":""P0""","""Q"":""Q1""","""R"":""R0""","""S"":""S0""","""A"":""A0""","""B"":""B1""","""C"":""C0""","""D"":""D1"""
"""PID"":""f9d8b73380a4548fd46540997ed763f40f3b1cef47963142cc6ba2b196c5ba85""","""O"":""r""","""X"":""X0""","""Y"":""Y0""","""P"":""P0""","""Q"":""Q1""","""R"":""R1""","""S"":""S0""","""A"":""A1""","""B"":""B1""","""D"":""D0"""
"""PID"":""f0a4d0a639248272609d26343e97ffac41b278a7b4318be545181942acd1ddf6""","""O"":""r""","""X"":""X0""","""Y"":""Y0""","""P"":""P0""","""Q"":""Q1""","""R"":""R1""","""S"":""S0""","""A"":""A0""","""B"":""B1""","""C"":""C0""","""D"":""D1"""
"""PID"":""25ca6f2ec9caff92ce6714a14b223f41a551a9d45b0e6df4787a8222d838e921""","""O"":""r""","""X"":""X0""","""Y"":""Y0""","""P"":""P0""","""Q"":""Q1""","""R"":""R1""","""S"":""S0""","""A"":""A1""","""B"":""B0""","""C"":""C1"""
"""PID"":""8730e23990158e30fc29a6cc3548eef700c2247db4bdeabf3b23388731692d66""","""O"":""r""","""X"":""X0""","""Y"":""Y0""","""P"":""P1""","""Q"":""Q0""","""R"":""R0""","""S"":""S0""","""A"":""A1""","""B"":""B0""","""D"":""D0"""
"""PID"":""b97cd3d1511cd634bf21b89a6b140d41858184c374fb1170a0ed3236a4745f7b""","""O"":""r""","""X"":""X0""","""Y"":""Y0""","""P"":""P1""","""Q"":""Q0""","""R"":""R0""","""S"":""S0""","""A"":""A1""","""B"":""B0""","""C"":""C0""","""D"":""D1"""
"""PID"":""c2b2eb6efe05341fac2022eff9265f53c580285d3c060607d998a5872383e905""","""O"":""r""","""X"":""X0""","""Y"":""Y0""","""P"":""P1""","""Q"":""Q0""","""R"":""R0""","""S"":""S0""","""A"":""A1""","""B"":""B0""","""C"":""C0""","""D"":""D0"""
"""PID"":""5e353be881bca1824e545fc29f9458215c31dd188dbf06800d24fe8c589ea236""","""O"":""r""","""X"":""X1""","""Y"":""Y0""","""P"":""P0""","""Q"":""Q1""","""R"":""R1""","""S"":""S1""","""A"":""A1""","""B"":""B0""","""C"":""C0""","""D"":""D0"""
"""PID"":""d077fa3b4a99b971812dd5b391e3de7cff2b41fe5844186ea86e095adb4c53b5""","""O"":""r""","""X"":""X1""","""Y"":""Y0""","""P"":""P0""","""Q"":""Q1""","""R"":""R1""","""S"":""S1""","""A"":""A1""","""C"":""C0""","""D"":""D1"""
"""PID"":""1eeb573b6d6be0cf1d798a5b6c813d67039b5163d140146491ad25a3cbe38dd7""","""O"":""w""","""X"":""X1""","""Y"":""Y1""","""P"":""P0""","""Q"":""Q0""","""R"":""R1""","""S"":""S0""","""A"":""A1""","""B"":""B0""","""C"":""C0""","""D"":""D1"""
"""PID"":""9179968781cf0114b6346a7328978d18f1509e2075ef2fad3ac28d7738ae2317""","""O"":""w""","""X"":""X1""","""Y"":""Y1""","""P"":""P0""","""Q"":""Q0""","""R"":""R1""","""S"":""S0""","""A"":""A0""","""B"":""B1""","""C"":""C1""","""D"":""D1"""
"""PID"":""9a515a5c5af2d3c1fd261da75a70dc46008aea7f7fd044d933ede108cf2b75dc""","""O"":""w""","""X"":""X0""","""Y"":""Y1""","""P"":""P0""","""Q"":""Q0""","""R"":""R0""","""S"":""S0""","""B"":""B0""","""C"":""C1"""
"""PID"":""b290f05b2dff7c2e7e1fb71598f233ac2b3d097222beef856d834e912806440b""","""O"":""w""","""X"":""X0""","""Y"":""Y1""","""P"":""P0""","""Q"":""Q0""","""R"":""R0""","""S"":""S0""","""A"":""A0""","""B"":""B1""","""C"":""C0""","""D"":""D0"""
"""PID"":""8c71da817881612c3b1fc302fb4698755849ee8f29e36255bea2baf29ffce93d""","""O"":""r""","""X"":""X1""","""Y"":""Y1""","""P"":""P0""","""Q"":""Q0""","""R"":""R0""","""S"":""S0""","""A"":""A0""","""B"":""B0""","""C"":""C0""","""D"":""D0"""
"""PID"":""61afd591b61a3f4fd0cde9938fe7ac20f5980a04d7822aa85736f4d757370bd9""","""O"":""r""","""X"":""X1""","""Y"":""Y1""","""P"":""P0""","""Q"":""Q0""","""R"":""R0""","""S"":""S0""","""A"":""A0""","""B"":""B1""","""D"":""D0"""
"""PID"":""33a35d8325b9d5eda9df0eb069307ed1c65fe1c04b7aa4eb17e7a2e07e0ee044""","""O"":""w""","""X"":""X1""","""Y"":""Y1""","""P"":""P0""","""Q"":""Q1""","""R"":""R0""","""S"":""S1""","""A"":""A0""","""B"":""B1""","""D"":""D1"""
"""PID"":""d2098e02a539f43fb1617754560f2ea2bc4ebe985aeea1f7139e5e5e02fe2bcf""","""O"":""w""","""X"":""X1""","""Y"":""Y1""","""P"":""P0""","""Q"":""Q1""","""R"":""R0""","""S"":""S1""","""B"":""B0""","""C"":""C0""","""D"":""D0"""
"""PID"":""2a7238bfac45ea63d33ace1688e6ab02af2bf0decda7a6480c0164105e61ab23""","""O"":""w""","""X"":""X1""","""Y"":""Y1""","""P"":""P0""","""Q"":""Q1""","""R"":""R0""","""S"":""S1""","""A"":""A0""","""B"":""B1""","""C"":""C1"""
"""PID"":""00b02c02110c57460c971805126c86380fa667ad392a52ae5d3e6c9e039a7396""","""O"":""r""","""X"":""X0""","""Y"":""Y1""","""P"":""P0""","""Q"":""Q1""","""R"":""R0""","""S"":""S0""","""A"":""A0""","""B"":""B0""","""C"":""C1""","""D"":""D0"""
"""PID"":""eae751005bd2b3e032f14d1662f951a3074a7dd819c1b4a8fd7dddd2ac8310fe""","""O"":""r""","""X"":""X0""","""Y"":""Y1""","""P"":""P0""","""Q"":""Q1""","""R"":""R0""","""S"":""S0""","""B"":""B0""","""C"":""C1""","""D"":""D0"""
"""PID"":""5836dd92c98cf43a4b4ccfd39d59d4129692b276d55d9e3183ed2721f74cfc26""","""O"":""r""","""X"":""X1""","""Y"":""Y0""","""P"":""P1""","""Q"":""Q0""","""R"":""R1""","""S"":""S0""","""A"":""A1""","""C"":""C0""","""D"":""D0"""
"""PID"":""5b0718bf85e7ab041a7bb2b0370a7c8bf95e94111b6ab24d1f25d4751e901b92""","""O"":""r""","""X"":""X1""","""Y"":""Y0""","""P"":""P1""","""Q"":""Q0""","""R"":""R1""","""S"":""S0""","""A"":""A1""","""B"":""B1""","""C"":""C1""","""D"":""D0"""
"""PID"":""bf8e1f8f0de517da20cc0b2d1540765ec37656e6d6ad741090e371c354a37a06""","""O"":""w""","""X"":""X0""","""Y"":""Y1""","""P"":""P1""","""Q"":""Q0""","""R"":""R0""","""S"":""S1""","""A"":""A1""","""B"":""B0""","""C"":""C1""","""D"":""D0"""
"""PID"":""68fd25547f37d4105fa1faab67c1373a0bbc7d89ac40bc8e83717f588c7a2222""","""O"":""w""","""X"":""X0""","""Y"":""Y1""","""P"":""P1""","""Q"":""Q0""","""R"":""R0""","""S"":""S1""","""A"":""A0""","""B"":""B1""","""C"":""C0""","""D"":""D0"""
"""PID"":""1cbffd365845abeebfab7b97720164c2df6fe350b07461b918e919cc939f4ebb""","""O"":""w""","""X"":""X0""","""Y"":""Y0""","""P"":""P1""","""Q"":""Q0""","""R"":""R1""","""S"":""S0""","""A"":""A0""","""B"":""B0""","""D"":""D1"""
"""PID"":""7337ccef14f3838d7e029c17246fe20f1f377c16d623756a9e1899c2c16d72cf""","""O"":""w""","""X"":""X0""","""Y"":""Y0""","""P"":""P1""","""Q"":""Q0""","""R"":""R1""","""S"":""S0""","""A"":""A0""","""B"":""B1""","""C"":""C0""","""D"":""D1"""
"""PID"":""6e0df898cc339e8876c4434f1f761b2e1eb1403021c9b0f9438f9c87a28128da""","""O"":""w""","""X"":""X0""","""Y"":""Y0""","""P"":""P1""","""Q"":""Q0""","""R"":""R1""","""S"":""S0""","""A"":""A0""","""B"":""B0""","""C"":""C0""","""D"":""D1"""
"""PID"":""20692cede4c47f5501f2256fee0f645cef393c153de32958fd0537ad3febd2a3""","""O"":""r""","""X"":""X1""","""Y"":""Y0""","""P"":""P0""","""Q"":""Q0""","""R"":""R1""","""S"":""S0""","""A"":""A0""","""B"":""B0""","""C"":""C1""","""D"":""D0"""
"""PID"":""a814cbfb5a5286a40fd825a18d46975b1aed8beea9018653e58edc50a08301d3""","""O"":""r""","""X"":""X1""","""Y"":""Y0""","""P"":""P0""","""Q"":""Q0""","""R"":""R1""","""S"":""S0""","""A"":""A1""","""B"":""B0""","""D"":""D1"""
"""PID"":""118f6e135853fdb4bb60331b24451d3393f1be2431b923984b5934f786abad59""","""O"":""r""","""X"":""X0""","""Y"":""Y0""","""P"":""P0""","""Q"":""Q0""","""R"":""R1""","""S"":""S0""","""A"":""A1""","""B"":""B1""","""C"":""C1""","""D"":""D0"""
"""PID"":""cb54ee5a7e6e64751a19adb81e408666e68f47ac7f98fa3667679817f6bb83d4""","""O"":""r""","""X"":""X0""","""Y"":""Y0""","""P"":""P0""","""Q"":""Q0""","""R"":""R1""","""S"":""S0""","""A"":""A0""","""B"":""B1""","""C"":""C0""","""D"":""D0"""
"""PID"":""361fe221e45d7932cbeec5545ff28e2ec348d819551addff577ec50b9f8806c4""","""O"":""r""","""X"":""X1""","""Y"":""Y0""","""P"":""P0""","""Q"":""Q1""","""R"":""R1""","""S"":""S0""","""A"":""A1""","""B"":""B0""","""C"":""C0""","""D"":""D1"""
"""PID"":""64df2a917743c136dff651288e769f073e6ca7dc29f548af7c6e28f6406918b5""","""O"":""r""","""X"":""X1""","""Y"":""Y0""","""P"":""P0""","""Q"":""Q1""","""R"":""R1""","""S"":""S0""","""B"":""B0""","""C"":""C0""","""D"":""D1"""
"""PID"":""3c04f86ae0fbe7f553361c705d4edcb7bdf6064221d6a162257d9eec765d66e9""","""O"":""w""","""X"":""X1""","""Y"":""Y0""","""P"":""P0""","""Q"":""Q0""","""R"":""R0""","""S"":""S0""","""A"":""A1""","""B"":""B0""","""C"":""C1""","""D"":""D1"""
"""PID"":""f4d453ef156abac580b5376f7bf2ebd997d966b9c5d4115e44ed7775b90df7c7""","""O"":""w""","""X"":""X1""","""Y"":""Y0""","""P"":""P0""","""Q"":""Q0""","""R"":""R0""","""S"":""S0""","""A"":""A1""","""B"":""B0""","""C"":""C0""","""D"":""D0"""
"""PID"":""ceedb373d08e0b5f48374adede7e63a94fcc73058270c3baf9ecef7ed341b50b""","""O"":""r""","""X"":""X0""","""Y"":""Y0""","""P"":""P0""","""Q"":""Q0""","""R"":""R1""","""S"":""S1""","""A"":""A1""","""B"":""B0""","""D"":""D1"""
"""PID"":""aeb8199acc1218915b6abf050e9fb6bccf4ce466dd21fff367c73359b9813b10""","""O"":""r""","""X"":""X0""","""Y"":""Y0""","""P"":""P0""","""Q"":""Q0""","""R"":""R1""","""S"":""S1""","""A"":""A1""","""B"":""B1""","""C"":""C1""","""D"":""D1"""
"""PID"":""dff832e92a54732b3e443996adef0d62f83fc75a073219cd4728c9e3b2dba918""","""O"":""r""","""X"":""X0""","""Y"":""Y0""","""P"":""P0""","""Q"":""Q1""","""R"":""R1""","""S"":""S1""","""A"":""A0""","""B"":""B1""","""C"":""C1""","""D"":""D1"""
"""PID"":""df857924f7bae7ade15bf8d7d56f8d66133d016b02759a5d0ae41634e6e6588e""","""O"":""r""","""X"":""X0""","""Y"":""Y0""","""P"":""P0""","""Q"":""Q1""","""R"":""R1""","""S"":""S1""","""A"":""A0""","""B"":""B0""","""C"":""C1""","""D"":""D1"""
"""PID"":""401242caeae86cff87a9b398fc455d7a00f0f44955074c573a0fab52dc6806b8""","""O"":""r""","""X"":""X0""","""Y"":""Y0""","""P"":""P0""","""Q"":""Q1""","""R"":""R1""","""S"":""S1""","""A"":""A0""","""B"":""B1""","""C"":""C1""","""D"":""D0"""
"""PID"":""1c8efca4fb61460c83292b96831c39d59d650fb08e4d28c95d7a5a296ee11e48""","""O"":""r""","""X"":""X1""","""Y"":""Y1""","""P"":""P0""","""Q"":""Q1""","""R"":""R0""","""S"":""S1""","""A"":""A0""","""B"":""B1""","""C"":""C0""","""D"":""D0"""
"""PID"":""3bab32317dea82ad6e98bd73c3e352651885a4a3a4ffa78f6742975314cd4274""","""O"":""r""","""X"":""X1""","""Y"":""Y1""","""P"":""P0""","""Q"":""Q1""","""R"":""R0""","""S"":""S1""","""A"":""A0""","""C"":""C0""","""D"":""D1"""
"""PID"":""6a35616c181f544458c89b6f6957d88088aa542300e26bdc4fcfacffbb82527b""","""O"":""r""","""X"":""X1""","""Y"":""Y1""","""P"":""P0""","""Q"":""Q1""","""R"":""R0""","""S"":""S1""","""A"":""A0""","""B"":""B1""","""C"":""C1""","""D"":""D1"""
"""PID"":""62726322bb91f6b38995899de60177f34a4c84fa516778282698ec18bf95e59c""","""O"":""w""","""X"":""X1""","""Y"":""Y1""","""P"":""P0""","""Q"":""Q1""","""R"":""R0""","""S"":""S0""","""A"":""A0""","""B"":""B0""","""C"":""C0""","""D"":""D1"""
"""PID"":""c20e6e8b84d712739caa9599b0db4a73546ae61e340b00b029af71f08944feeb""","""O"":""w""","""X"":""X1""","""Y"":""Y1""","""P"":""P0""","""Q"":""Q1""","""R"":""R0""","""S"":""S0""","""A"":""A0""","""C"":""C1""","""D"":""D1"""
"""PID"":""34a07fbbcb8c92060953cb6d8a24f946686dbc8170feb49d6d12f2fd29c175e0""","""O"":""w""","""X"":""X1""","""Y"":""Y1""","""P"":""P1""","""Q"":""Q0""","""R"":""R0""","""S"":""S1""","""A"":""A1""","""B"":""B0""","""C"":""C0""","""D"":""D0"""
"""PID"":""d75c0ae554470926f4889942316d425d3ab9b53e31820f3b58b959a86c4cc84b""","""O"":""w""","""X"":""X1""","""Y"":""Y1""","""P"":""P1""","""Q"":""Q0""","""R"":""R0""","""S"":""S1""","""A"":""A1""","""C"":""C0""","""D"":""D1"""
"""PID"":""68b8626b6595047e25ccaa0497baa54cb8aa659552ac3b813593172308068e4b""","""O"":""w""","""X"":""X1""","""Y"":""Y1""","""P"":""P1""","""Q"":""Q0""","""R"":""R0""","""S"":""S1""","""A"":""A1""","""B"":""B1""","""C"":""C0""","""D"":""D1"""
"""PID"":""c2174f095746aa6ca04d55a78cfae4624e21c14728bee81cc596d2f5a647afd8""","""O"":""w""","""X"":""X1""","""Y"":""Y1""","""P"":""P1""","""Q"":""Q1""","""R"":""R0""","""S"":""S1""","""A"":""A1""","""B"":""B0""","""C"":""C0""","""D"":""D0"""
"""PID"":""15c5f404eda2485035e51a2ad83bfe653b004ee8ff03e10efdb271d0600130be""","""O"":""w""","""X"":""X1""","""Y"":""Y1""","""P"":""P1""","""Q"":""Q1""","""R"":""R0""","""S"":""S1""","""A"":""A1""","""B"":""B1""","""C"":""C0""","""D"":""D0"""
"""PID"":""ed18b154bd974b39a7d0013e035a55ce4a05bbc05b3f0e97b739b15244650fcd""","""O"":""r""","""X"":""X0""","""Y"":""Y1""","""P"":""P1""","""Q"":""Q1""","""R"":""R0""","""S"":""S1""","""A"":""A0""","""B"":""B1""","""D"":""D1"""
"""PID"":""f9392c329d7d467dda21f234a587305367c9771955ae0aefe8b6cce1df4c442b""","""O"":""r""","""X"":""X0""","""Y"":""Y1""","""P"":""P1""","""Q"":""Q1""","""R"":""R0""","""S"":""S1""","""A"":""A0""","""B"":""B1""","""C"":""C1""","""D"":""D0"""
"""PID"":""1d262d1c86cf4403991e1f45c6513d6bded1b68f1695c4abbd30935a1fa214f4""","""O"":""r""","""X"":""X0""","""Y"":""Y1""","""P"":""P1""","""Q"":""Q0""","""R"":""R1""","""S"":""S0""","""A"":""A0""","""B"":""B1""","""C"":""C0""","""D"":""D1"""
"""PID"":""6e187bfa7244ddaa11ac4663159e404ce595be3d94168a041b304f9e1095ffaa""","""O"":""r""","""X"":""X0""","""Y"":""Y1""","""P"":""P1""","""Q"":""Q0""","""R"":""R1""","""S"":""S0""","""A"":""A0""","""C"":""C0""","""D"":""D1"""
"""PID"":""f84442f4f23956b84054b2d2045832f4b39ac1e2aa78e66327c88a070edd59b3""","""O"":""r""","""X"":""X0""","""Y"":""Y1""","""P"":""P1""","""Q"":""Q0""","""R"":""R1""","""S"":""S0""","""A"":""A0""","""B"":""B0""","""C"":""C1""","""D"":""D0"""
"""PID"":""a4213e054ec85f3885a7eedbce3670c631ae73d1a95c38433bb297156d790134""","""O"":""r""","""X"":""X1""","""Y"":""Y0""","""P"":""P1""","""Q"":""Q0""","""R"":""R0""","""S"":""S1""","""A"":""A0""","""B"":""B1""","""C"":""C1""","""D"":""D0"""
"""PID"":""dadcf99e020848371b2e33962b1b0c7473b7f7080d3a050383832cc470a55add""","""O"":""r""","""X"":""X1""","""Y"":""Y0""","""P"":""P1""","""Q"":""Q0""","""R"":""R0""","""S"":""S1""","""A"":""A0""","""B"":""B0""","""C"":""C1""","""D"":""D0"""
"""PID"":""21f487e5162a3d6d6c57ea8760082003ecfc54cda174f10d059ae7519a2557be""","""O"":""r""","""X"":""X0""","""Y"":""Y1""","""P"":""P1""","""Q"":""Q0""","""R"":""R0""","""S"":""S1""","""B"":""B1""","""C"":""C0""","""D"":""D0"""
"""PID"":""28d298f4338bc6c9cfe7cbeeabfa05279a394045064f873b2fbaef3c15422978""","""O"":""r""","""X"":""X0""","""Y"":""Y1""","""P"":""P1""","""Q"":""Q0""","""R"":""R0""","""S"":""S1""","""A"":""A0""","""B"":""B1""","""C"":""C1"""
"""PID"":""89de18fcc29e9119fc1f7b2e9aa14fd8785eb53cd8f582da67b5aa58ca93808d""","""O"":""r""","""X"":""X0""","""Y"":""Y1""","""P"":""P1""","""Q"":""Q0""","""R"":""R0""","""S"":""S1""","""B"":""B1""","""C"":""C1"""
"""PID"":""4aee77cdd791b762446a40a814e28c8c0421bf17c70655e07a20cb75d7223b82""","""O"":""w""","""X"":""X1""","""Y"":""Y0""","""P"":""P1""","""Q"":""Q0""","""R"":""R0""","""S"":""S1""","""A"":""A1""","""B"":""B0""","""C"":""C1""","""D"":""D1"""
"""PID"":""c9619be6c2eedfed789390ef02b03389e68affcb0a8a0cd54254d5708d266bab""","""O"":""w""","""X"":""X1""","""Y"":""Y0""","""P"":""P1""","""Q"":""Q0""","""R"":""R0""","""S"":""S1""","""B"":""B1""","""D"":""D1"""
"""PID"":""695358f03636c48347213811dc4fc5daf6fc6a656c69de16f48527dd58b957c6""","""O"":""w""","""X"":""X1""","""Y"":""Y0""","""P"":""P1""","""Q"":""Q0""","""R"":""R0""","""S"":""S1""","""A"":""A1""","""B"":""B0""","""C"":""C0""","""D"":""D0"""
"""PID"":""266299ee75d3f9de62977ab460a76a698900d3b55b6b4a52de849e837925a08b""","""O"":""r""","""X"":""X1""","""Y"":""Y0""","""P"":""P0""","""Q"":""Q1""","""R"":""R0""","""S"":""S1""","""B"":""B1""","""C"":""C1""","""D"":""D0"""
"""PID"":""0e39954f05bb25e98d1df5e8e37398a18e672c5d32ba79ee812c0d840101f7eb""","""O"":""r""","""X"":""X1""","""Y"":""Y0""","""P"":""P0""","""Q"":""Q1""","""R"":""R0""","""S"":""S1""","""A"":""A1""","""B"":""B1""","""C"":""C1""","""D"":""D1"""
"""PID"":""2eca0499af1a80acd4b50f5aa39b10f13ab305650dcc62f69e8cf01d8bd03685""","""O"":""w""","""X"":""X1""","""Y"":""Y1""","""P"":""P0""","""Q"":""Q1""","""R"":""R1""","""S"":""S0""","""A"":""A1""","""B"":""B0""","""C"":""C1""","""D"":""D1"""
"""PID"":""8f883acbf90fe9b1f4d254bbb28ba70a8507b3785edda8d9ac6122956972537e""","""O"":""w""","""X"":""X1""","""Y"":""Y1""","""P"":""P0""","""Q"":""Q1""","""R"":""R1""","""S"":""S0""","""B"":""B1""","""C"":""C0""","""D"":""D0"""
"""PID"":""73a9bf4dff12e4a2ae5a2917594a3604330ce9aece0f8a223c9b5245c4ad078d""","""O"":""w""","""X"":""X0""","""Y"":""Y1""","""P"":""P0""","""Q"":""Q0""","""R"":""R1""","""S"":""S1""","""A"":""A0""","""B"":""B0""","""D"":""D0"""
"""PID"":""0fe7454dda0a414fc6541c93cc99b57795fecd8e5100cbb04ceba51a2b8fe851""","""O"":""w""","""X"":""X0""","""Y"":""Y1""","""P"":""P0""","""Q"":""Q0""","""R"":""R1""","""S"":""S1""","""C"":""C1""","""D"":""D0"""
"""PID"":""c0394800bde59c0671deb09079e5f06e5eb4ff5ffab42d247224871052c512c9""","""O"":""r""","""X"":""X0""","""Y"":""Y1""","""P"":""P1""","""Q"":""Q0""","""R"":""R0""","""S"":""S0""","""A"":""A0""","""B"":""B0""","""D"":""D1"""
"""PID"":""99d65b1aed59cb5afeb4a6d5aa4d979c0c727865f90fbe80aa1303a82a0a6239""","""O"":""r""","""X"":""X0""","""Y"":""Y1""","""P"":""P1""","""Q"":""Q0""","""R"":""R0""","""S"":""S0""","""A"":""A0""","""B"":""B1""","""C"":""C0""","""D"":""D1"""
"""PID"":""7e9a95234b8309dd99e2aee89a938f30f91f1917453023a1f791ec7a290075f9""","""O"":""w""","""X"":""X0""","""Y"":""Y1""","""P"":""P1""","""Q"":""Q0""","""R"":""R0""","""S"":""S0""","""A"":""A0""","""B"":""B0""","""C"":""C0""","""D"":""D1"""
"""PID"":""757a302f9d0b75f272c8481a0d44ac85f57f7e8c02fea4cd1d52c525838561e2""","""O"":""w""","""X"":""X0""","""Y"":""Y1""","""P"":""P1""","""Q"":""Q0""","""R"":""R0""","""S"":""S0""","""A"":""A0""","""B"":""B1""","""C"":""C0""","""D"":""D0"""
"""PID"":""6b5d0302e7373b0fe43f23de32f3824e42429ab717e056d02136010ae823ad54""","""O"":""w""","""X"":""X1""","""Y"":""Y1""","""P"":""P0""","""Q"":""Q1""","""R"":""R1""","""S"":""S1""","""A"":""A0""","""B"":""B1""","""C"":""C0""","""D"":""D0"""
"""PID"":""7915e0eb199dab40bed96e7f732d36eed1d35d7f03c3d8a75b59dcb81da26e62""","""O"":""w""","""X"":""X1""","""Y"":""Y1""","""P"":""P0""","""Q"":""Q1""","""R"":""R1""","""S"":""S1""","""A"":""A0""","""B"":""B0""","""C"":""C0"""
"""PID"":""45898e5bd4525c05b55cb464e64a443ae0692332f6e8a4f36cadaa89bdb12929""","""O"":""w""","""X"":""X1""","""Y"":""Y1""","""P"":""P0""","""Q"":""Q1""","""R"":""R1""","""S"":""S1""","""A"":""A1""","""C"":""C0""","""D"":""D0"""
"""PID"":""874dc4ebf24c7959d772f9edc56afe81fc8d85915da1949cdf1bdf6ba33ffde4""","""O"":""r""","""X"":""X1""","""Y"":""Y0""","""P"":""P1""","""Q"":""Q0""","""R"":""R1""","""S"":""S1""","""A"":""A1""","""B"":""B1""","""C"":""C1"""
"""PID"":""2f253aaa0a634a1ea04b598560d81d4f33d52ca8420422facce315134afc325a""","""O"":""r""","""X"":""X1""","""Y"":""Y0""","""P"":""P1""","""Q"":""Q0""","""R"":""R1""","""S"":""S1""","""A"":""A1""","""B"":""B0""","""C"":""C0"""
"""PID"":""a033c1f7b6eb9ed4c0a7e756de4988aa1eac3d1c0971140f507002d0a14ffd20""","""O"":""w""","""X"":""X0""","""Y"":""Y0""","""P"":""P1""","""Q"":""Q1""","""R"":""R1""","""S"":""S1""","""A"":""A1""","""C"":""C0""","""D"":""D0"""
"""PID"":""47ad191b4f6ab2138dd740c9c440b6c933899ddbeff4f3e9e03231b9a2882f42""","""O"":""w""","""X"":""X0""","""Y"":""Y0""","""P"":""P1""","""Q"":""Q1""","""R"":""R1""","""S"":""S1""","""A"":""A1""","""B"":""B0""","""C"":""C1""","""D"":""D1"""
"""PID"":""512d7aed5ae2e861c9a8ad345c78d2d81c3deb695851a91ffd8a90deff374184""","""O"":""w""","""X"":""X0""","""Y"":""Y0""","""P"":""P1""","""Q"":""Q1""","""R"":""R1""","""S"":""S1""","""A"":""A1""","""B"":""B1""","""C"":""C0""","""D"":""D0"""
"""PID"":""f6a9c0b88533a724229d8a86a4fe258dd8f0b7c06ee2c04c24ada83fd1fc6f56""","""O"":""w""","""X"":""X0""","""Y"":""Y1""","""P"":""P1""","""Q"":""Q0""","""R"":""R1""","""S"":""S0""","""A"":""A1""","""B"":""B0""","""C"":""C0""","""D"":""D1"""
"""PID"":""2f91116927cbb2d898c0766b72963c8dd5c6947bfa41b74497904d3f42469705""","""O"":""w""","""X"":""X0""","""Y"":""Y1""","""P"":""P1""","""Q"":""Q0""","""R"":""R1""","""S"":""S0""","""A"":""A1""","""B"":""B1""","""C"":""C1""","""D"":""D1"""
"""PID"":""bed4dc9bd85c65ade94c078d869804ee405973a57ca36dd49eb36181460d38ec""","""O"":""w""","""X"":""X0""","""Y"":""Y1""","""P"":""P1""","""Q"":""Q0""","""R"":""R1""","""S"":""S0""","""A"":""A1""","""B"":""B0""","""C"":""C0"""
"""PID"":""a43becac41bda4e388a9f62509882cd13c1399be7e0886734b5085c401307898""","""O"":""w""","""X"":""X0""","""Y"":""Y0""","""P"":""P0""","""Q"":""Q1""","""R"":""R1""","""S"":""S1""","""A"":""A0""","""B"":""B1""","""D"":""D0"""
"""PID"":""21e88e57852de92b74a949285fdaa3ec2758d2d6baa213617e144b165abd0e62""","""O"":""w""","""X"":""X0""","""Y"":""Y0""","""P"":""P0""","""Q"":""Q1""","""R"":""R1""","""S"":""S1""","""A"":""A0""","""B"":""B0""","""D"":""D0"""
"""PID"":""dc25421a38642f40589862d4423f065dd15e445f749917bff6f104bca5a17ba4""","""O"":""w""","""X"":""X0""","""Y"":""Y0""","""P"":""P0""","""Q"":""Q1""","""R"":""R1""","""S"":""S1""","""A"":""A0""","""B"":""B1""","""C"":""C1"""
"""PID"":""75f01651bd5fed410c57198026c07f6c8b4e0a60b6795e2201d17f52e8a0404e""","""O"":""w""","""X"":""X0""","""Y"":""Y1""","""P"":""P0""","""Q"":""Q1""","""R"":""R0""","""S"":""S0""","""A"":""A0""","""B"":""B1""","""C"":""C1""","""D"":""D1"""
"""PID"":""0c0176fa1d0285ee6c5a0df6bc370f3606db1e6621eb3f730e0fb7a95a3c7e46""","""O"":""w""","""X"":""X0""","""Y"":""Y1""","""P"":""P0""","""Q"":""Q1""","""R"":""R0""","""S"":""S0""","""A"":""A0""","""B"":""B0""","""C"":""C1""","""D"":""D0"""
"""PID"":""d6c77de069e4552ed5f0002afbb1f6bd04645d2486a446f48563b6f43cf51694""","""O"":""w""","""X"":""X0""","""Y"":""Y1""","""P"":""P0""","""Q"":""Q1""","""R"":""R0""","""S"":""S0""","""A"":""A0""","""B"":""B1""","""C"":""C0""","""D"":""D0"""
"""PID"":""60f6f37a9c61235ba313d1a2785a5ef792dd646bd7f68369fd6c715c7029f7e0""","""O"":""r""","""X"":""X0""","""Y"":""Y0""","""P"":""P0""","""Q"":""Q0""","""R"":""R0""","""S"":""S0""","""A"":""A1""","""B"":""B1""","""C"":""C0""","""D"":""D0"""
"""PID"":""0aa5cfefe1241a0aeaea3becae6a34509d0bd140ff68e705205510c4a6098d8a""","""O"":""r""","""X"":""X0""","""Y"":""Y0""","""P"":""P0""","""Q"":""Q0""","""R"":""R0""","""S"":""S0""","""A"":""A1""","""B"":""B0""","""C"":""C0""","""D"":""D1"""
"""PID"":""cd008af68316b20989a55fea37cf0d7038785d5da56fe8aa3ee5653a3215b91c""","""O"":""r""","""X"":""X0""","""Y"":""Y0""","""P"":""P0""","""Q"":""Q0""","""R"":""R0""","""S"":""S0""","""A"":""A1""","""B"":""B1""","""C"":""C1""","""D"":""D0"""
"""PID"":""951e5aa819a64885a1996f3871aa25ed2735a06d5b0948a2cf9561f05d0aa732""","""O"":""w""","""X"":""X1""","""Y"":""Y0""","""P"":""P1""","""Q"":""Q1""","""R"":""R0""","""S"":""S0""","""A"":""A1""","""B"":""B0""","""C"":""C1""","""D"":""D0"""
"""PID"":""58b694c7f6ffc80ad5440d91c3d1e9989c86df193ad4f935fbd61168128974f8""","""O"":""w""","""X"":""X1""","""Y"":""Y0""","""P"":""P1""","""Q"":""Q1""","""R"":""R0""","""S"":""S0""","""A"":""A0""","""B"":""B0""","""C"":""C0"""
"""PID"":""ac5fd68acfa0b6e92d5504703571305f10491622987074495f8aecac98c581d3""","""O"":""w""","""X"":""X1""","""Y"":""Y0""","""P"":""P1""","""Q"":""Q1""","""R"":""R0""","""S"":""S0""","""A"":""A0""","""B"":""B1""","""C"":""C1"""
"""PID"":""a3116b7e0abfd98ad3c16e8a1523e189a2ef0217628f0725a29c83253c59b64a""","""O"":""r""","""X"":""X0""","""Y"":""Y1""","""P"":""P1""","""Q"":""Q1""","""R"":""R0""","""S"":""S0""","""A"":""A1""","""B"":""B1""","""C"":""C1""","""D"":""D1"""
"""PID"":""4ebdb3c46bef63abcfa45481d1ff226ef0071598cafba6ae8054730c1027c1dd""","""O"":""r""","""X"":""X0""","""Y"":""Y1""","""P"":""P1""","""Q"":""Q1""","""R"":""R0""","""S"":""S0""","""A"":""A1""","""B"":""B0"""
"""PID"":""7f2de5cc5b0ef9bc58646057adf2d5d9856834d726cc5db9f05d07dc00f5aabc""","""O"":""r""","""X"":""X0""","""Y"":""Y1""","""P"":""P1""","""Q"":""Q1""","""R"":""R0""","""S"":""S0""","""A"":""A1""","""B"":""B0""","""C"":""C0""","""D"":""D1"""
"""PID"":""c6ab4124a88f073309c2070729cc2f75bf7e9a1e1590dac51ab0baba4a954871""","""O"":""r""","""X"":""X1""","""Y"":""Y1""","""P"":""P1""","""Q"":""Q1""","""R"":""R0""","""S"":""S0""","""A"":""A1""","""B"":""B0""","""C"":""C1""","""D"":""D1"""
"""PID"":""baea3b19e43e7c6057f599e11c0c4405b496f9ab57109e7ebd5a7e2b1f2a3431""","""O"":""r""","""X"":""X1""","""Y"":""Y1""","""P"":""P1""","""Q"":""Q1""","""R"":""R0""","""S"":""S0""","""A"":""A0""","""B"":""B1""","""C"":""C0""","""D"":""D1"""
"""PID"":""a2c6890fcf2598fc2f225225c8f884da809f668cab9e8bab46a9787e4f278f35""","""O"":""w""","""X"":""X1""","""Y"":""Y1""","""P"":""P1""","""Q"":""Q1""","""R"":""R1""","""S"":""S0""","""A"":""A0""","""B"":""B1""","""C"":""C1""","""D"":""D1"""
"""PID"":""7794d45f972221c80172c03b31e66bcf80171575e1d3dff8182a696d786ff6cd""","""O"":""w""","""X"":""X1""","""Y"":""Y1""","""P"":""P1""","""Q"":""Q1""","""R"":""R1""","""S"":""S0""","""A"":""A0""","""B"":""B0""","""C"":""C0""","""D"":""D0"""
"""PID"":""3bd41c0ff7b35d2acabf322f6e2a19eb71e6c20e55436e0e2769ae3344299781""","""O"":""w""","""X"":""X1""","""Y"":""Y1""","""P"":""P1""","""Q"":""Q1""","""R"":""R1""","""S"":""S0""","""A"":""A0""","""B"":""B0""","""C"":""C1""","""D"":""D1"""
"""PID"":""d13cf6cfcf22b962fd9af5270f3fea91cb9fbb413ca6dce1e7727218f5e9a424""","""O"":""w""","""X"":""X0""","""Y"":""Y1""","""P"":""P1""","""Q"":""Q1""","""R"":""R0""","""S"":""S1""","""A"":""A0""","""D"":""D0"""
"""PID"":""e8a64ba73b77fdd386fc3044d9cd3858f605d259f97776eb52408efca5ccc121""","""O"":""w""","""X"":""X0""","""Y"":""Y1""","""P"":""P1""","""Q"":""Q1""","""R"":""R0""","""S"":""S1""","""A"":""A1""","""B"":""B0""","""C"":""C1""","""D"":""D1"""
"""PID"":""82442078a1394989bc3245687f817719bf96daa906398a66b4eff26511d550ec""","""O"":""w""","""X"":""X0""","""Y"":""Y0""","""P"":""P1""","""Q"":""Q0""","""R"":""R0""","""S"":""S1""","""A"":""A1""","""B"":""B0""","""C"":""C1""","""D"":""D0"""
"""PID"":""3c08af01c997f75c794afdd6879f7bd07d61e6dca1132fd86b29c1004535870d""","""O"":""w""","""X"":""X0""","""Y"":""Y0""","""P"":""P1""","""Q"":""Q0""","""R"":""R0""","""S"":""S1""","""A"":""A1""","""B"":""B1""","""D"":""D1"""
"""PID"":""b7d4ab8b0d224488bcfefbc682a22db994062ea49006e2b4b86bd1d432a02237""","""O"":""r""","""X"":""X1""","""Y"":""Y1""","""P"":""P1""","""Q"":""Q1""","""R"":""R1""","""S"":""S1""","""A"":""A1""","""C"":""C1""","""D"":""D0"""
"""PID"":""5f3bb2663940e649f13b4b2a252912250a03ec997b69b0ef484f8d80a07e9b95""","""O"":""r""","""X"":""X1""","""Y"":""Y1""","""P"":""P1""","""Q"":""Q1""","""R"":""R1""","""S"":""S1""","""A"":""A1""","""B"":""B1""","""C"":""C1""","""D"":""D0"""
"""PID"":""c73c6657f998fbc5a4e65aecfb61f41b0f9b5c0fcf51d5bf4d839a59a66354d0""","""O"":""r""","""X"":""X0""","""Y"":""Y1""","""P"":""P0""","""Q"":""Q1""","""R"":""R0""","""S"":""S1""","""B"":""B1""","""C"":""C0""","""D"":""D1"""
"""PID"":""4e64b59bbcce8b30a79fdc743d39fda229188ad0ca8ce9b75cb8892b6be0f81a""","""O"":""r""","""X"":""X0""","""Y"":""Y1""","""P"":""P0""","""Q"":""Q1""","""R"":""R0""","""S"":""S1""","""A"":""A1""","""B"":""B0""","""C"":""C1""","""D"":""D0"""
"""PID"":""6b42721330b8196127b4d9009fdccdf93fbca02439a1259dd9a4f430018be9a5""","""O"":""r""","""X"":""X0""","""Y"":""Y1""","""P"":""P0""","""Q"":""Q1""","""R"":""R0""","""S"":""S1""","""A"":""A0""","""B"":""B1""","""C"":""C0"""
"""PID"":""9e6503e8d4f6ba0bdad71d2502622a1ce1f460f1cea18953bad19227a0336f07""","""O"":""r""","""X"":""X0""","""Y"":""Y0""","""P"":""P1""","""Q"":""Q0""","""R"":""R1""","""S"":""S1""","""A"":""A1""","""B"":""B1""","""C"":""C1""","""D"":""D0"""
"""PID"":""f8c3d4679e597c1ece4694f6349d7ab197e68a46440cdc2f3300efc8c5d841cf""","""O"":""r""","""X"":""X0""","""Y"":""Y0""","""P"":""P1""","""Q"":""Q0""","""R"":""R1""","""S"":""S1""","""B"":""B0""","""D"":""D0"""
"""PID"":""87ee628fa79349821f8ae5678641fe17c90204c453dcc392132bb9eff39599bc""","""O"":""r""","""X"":""X0""","""Y"":""Y0""","""P"":""P1""","""Q"":""Q0""","""R"":""R0""","""S"":""S1""","""A"":""A0""","""B"":""B1""","""C"":""C0""","""D"":""D0"""
"""PID"":""fd075fbe7f3a17c6e1960b11dc46978f03729c299cdcb78ce574460ed09b08e0""","""O"":""r""","""X"":""X0""","""Y"":""Y0""","""P"":""P1""","""Q"":""Q0""","""R"":""R0""","""S"":""S1""","""A"":""A0""","""B"":""B0""","""C"":""C1""","""D"":""D1"""
"""PID"":""5d4febeea37ac23934eb83fe90c1b2e5645be7419a7fd30850d1dbbe4be03593""","""O"":""r""","""X"":""X1""","""Y"":""Y1""","""P"":""P1""","""Q"":""Q1""","""R"":""R1""","""S"":""S0""","""B"":""B1""","""C"":""C1""","""D"":""D0"""
"""PID"":""296778d2734bd67feec59ec4da05b1019e29f37873e58f0504590b2aa8dc002e""","""O"":""r""","""X"":""X1""","""Y"":""Y1""","""P"":""P1""","""Q"":""Q1""","""R"":""R1""","""S"":""S0""","""B"":""B0""","""C"":""C1""","""D"":""D0"""
"""PID"":""dadff19a0eaca8819925247f31043e9bb6dcbd4db399ac712fb28cd39feae479""","""O"":""r""","""X"":""X1""","""Y"":""Y1""","""P"":""P1""","""Q"":""Q1""","""R"":""R1""","""S"":""S0""","""A"":""A1""","""B"":""B1""","""C"":""C1""","""D"":""D1"""
"""PID"":""28b57a2bc8131f497f7c063fdf78032baede45275f5b3d5d918dc85f7ab3143d""","""O"":""w""","""X"":""X1""","""Y"":""Y1""","""P"":""P1""","""Q"":""Q0""","""R"":""R1""","""S"":""S1""","""A"":""A1""","""B"":""B1""","""C"":""C1""","""D"":""D0"""
"""PID"":""fbe1e4af740ec12bfe926c9b613a4836375762d8db45d656439c8be6a5f0802f""","""O"":""w""","""X"":""X1""","""Y"":""Y1""","""P"":""P1""","""Q"":""Q0""","""R"":""R1""","""S"":""S1""","""A"":""A1""","""B"":""B1""","""C"":""C0""","""D"":""D0"""
"""PID"":""01e1fac07a608fa457c54a2791b64f27c408587fe522b231396e7cb52d1f8a91""","""O"":""r""","""X"":""X0""","""Y"":""Y1""","""P"":""P0""","""Q"":""Q0""","""R"":""R1""","""S"":""S1""","""A"":""A1""","""B"":""B1""","""C"":""C1""","""D"":""D0"""
"""PID"":""05489e6041710997ddc2bc0adb58c5e2b7257b3f3e5af103976c1caf33137925""","""O"":""r""","""X"":""X0""","""Y"":""Y1""","""P"":""P0""","""Q"":""Q0""","""R"":""R1""","""S"":""S1""","""A"":""A1""","""C"":""C0""","""D"":""D1"""
"""PID"":""81db2c9eedd6570bf5bbb8c8a2e5ad07b3dc2efb5ddc23c49d4289516a62ccfc""","""O"":""r""","""X"":""X0""","""Y"":""Y1""","""P"":""P0""","""Q"":""Q1""","""R"":""R1""","""S"":""S0""","""A"":""A0""","""B"":""B1""","""C"":""C0""","""D"":""D0"""
"""PID"":""6941dc9a5ac1705a912feaa3236499f8c52f4bd1c74318eddc514a4e79bf0744""","""O"":""r""","""X"":""X0""","""Y"":""Y1""","""P"":""P0""","""Q"":""Q1""","""R"":""R1""","""S"":""S0""","""A"":""A1""","""B"":""B0""","""C"":""C1"""
"""PID"":""7d49821945e3fb62702bf62ba2c136879ba86d13b992b91e236978b3adfc0651""","""O"":""r""","""X"":""X0""","""Y"":""Y1""","""P"":""P0""","""Q"":""Q1""","""R"":""R1""","""S"":""S0""","""A"":""A1""","""B"":""B0""","""D"":""D0"""
"""PID"":""39c06446f3a389580e06aa047bd23b695f2df110a2e5990ae6657c88f1ca503e""","""O"":""w""","""X"":""X1""","""Y"":""Y1""","""P"":""P0""","""Q"":""Q0""","""R"":""R0""","""S"":""S1""","""A"":""A1""","""C"":""C0"""
"""PID"":""50bed51ef88e2de0809590742eb293a8829dfb40985b67e2f8acef3172d2dbc2""","""O"":""w""","""X"":""X1""","""Y"":""Y1""","""P"":""P0""","""Q"":""Q0""","""R"":""R0""","""S"":""S1""","""A"":""A0""","""B"":""B0""","""C"":""C0""","""D"":""D1"""
"""PID"":""7e1df5d035fc56e09bf0bd0f116cf584a9d21a2dae853164d70b5e0c80133eae""","""O"":""w""","""X"":""X0""","""Y"":""Y1""","""P"":""P1""","""Q"":""Q1""","""R"":""R1""","""S"":""S0""","""A"":""A0""","""B"":""B0""","""C"":""C1""","""D"":""D1"""
"""PID"":""8d42c06bd4d8ba9b0860ffd5ce904274458edf3e1dc924a2be895604656a4e9c""","""O"":""w""","""X"":""X0""","""Y"":""Y1""","""P"":""P1""","""Q"":""Q1""","""R"":""R1""","""S"":""S0""","""B"":""B0""","""C"":""C1""","""D"":""D1"""
"""PID"":""963a79e209f0ee8cdd4b6011f1c3111b645983a80cce5e9e4cf0c3294bf89721""","""O"":""w""","""X"":""X0""","""Y"":""Y1""","""P"":""P1""","""Q"":""Q1""","""R"":""R1""","""S"":""S0""","""A"":""A1""","""B"":""B1""","""C"":""C1"""
"""PID"":""d1b9dcc36faef7c29170b704cfda67733e8efac2941918def5ec6b0bd0b970d2""","""O"":""r""","""X"":""X0""","""Y"":""Y1""","""P"":""P0""","""Q"":""Q0""","""R"":""R1""","""S"":""S0""","""A"":""A0""","""B"":""B1""","""C"":""C1""","""D"":""D1"""
"""PID"":""3e05a5c8a7670f207bc1bd31dfc486eca35cfcc1ca2d92dde97f306c9d480328""","""O"":""r""","""X"":""X0""","""Y"":""Y1""","""P"":""P0""","""Q"":""Q0""","""R"":""R1""","""S"":""S0""","""A"":""A0""","""D"":""D1"""
"""PID"":""a250515592cd41a24790afbfe6fee036c1ac2accdc2bb3e282ec99f570bec2f2""","""O"":""r""","""X"":""X0""","""Y"":""Y1""","""P"":""P0""","""Q"":""Q0""","""R"":""R1""","""S"":""S0""","""A"":""A0""","""B"":""B0""","""C"":""C0""","""D"":""D0"""
"""PID"":""0d39853ce03f7ef83862c111b12af50671ee0c384e94d34f84eeeedd1a1a477c""","""O"":""r""","""X"":""X1""","""Y"":""Y1""","""P"":""P1""","""Q"":""Q0""","""R"":""R0""","""S"":""S1""","""A"":""A0""","""B"":""B0""","""C"":""C0""","""D"":""D1"""
"""PID"":""6a853255ecc0822abd07088190dee427143990ca30671d6fdb9a827539da5c81""","""O"":""r""","""X"":""X1""","""Y"":""Y1""","""P"":""P1""","""Q"":""Q0""","""R"":""R0""","""S"":""S1""","""A"":""A1""","""B"":""B1""","""C"":""C0""","""D"":""D0"""
"""PID"":""6a5ecfa165da33ce563abfc3c2e2c7a56626a7138f9bd19a0ac8a49802b13874""","""O"":""r""","""X"":""X1""","""Y"":""Y1""","""P"":""P1""","""Q"":""Q0""","""R"":""R0""","""S"":""S1""","""A"":""A0""","""B"":""B0""","""C"":""C1""","""D"":""D0"""
"""PID"":""a9fcf04cbea3334c405b07c3b439eec06525af48130c17ab415eec38fddc0ce5""","""O"":""w""","""X"":""X0""","""Y"":""Y0""","""P"":""P0""","""Q"":""Q0""","""R"":""R1""","""S"":""S0""","""A"":""A0""","""B"":""B0""","""C"":""C1""","""D"":""D0"""
"""PID"":""5bf119206dafbd40eeeb7055eb3c11f92c205a9741680a3529e01f3cc1d67c03""","""O"":""w""","""X"":""X0""","""Y"":""Y0""","""P"":""P0""","""Q"":""Q0""","""R"":""R1""","""S"":""S0""","""A"":""A1""","""C"":""C1""","""D"":""D0"""
"""PID"":""c7e679e0a7519f7d1ab36751bdeefaffbfec05d1827ff43ded4f8e643fae4ef4""","""O"":""w""","""X"":""X0""","""Y"":""Y0""","""P"":""P0""","""Q"":""Q0""","""R"":""R1""","""S"":""S0""","""A"":""A1""","""B"":""B0""","""C"":""C0""","""D"":""D0"""
"""PID"":""3abeeba326a4372c55cee5728375c24f4d33cd4808965a65e53269ffa3ff660f""","""O"":""r""","""X"":""X0""","""Y"":""Y1""","""P"":""P0""","""Q"":""Q0""","""R"":""R0""","""S"":""S0""","""A"":""A1""","""B"":""B1""","""C"":""C0""","""D"":""D1"""
"""PID"":""8c4da0b4cb2f2784848ed3c6d61d4e876e3a1fb356a875c02930c8fc1b0f94c0""","""O"":""r""","""X"":""X0""","""Y"":""Y1""","""P"":""P0""","""Q"":""Q0""","""R"":""R0""","""S"":""S0""","""A"":""A1""","""B"":""B0""","""C"":""C1""","""D"":""D1"""
"""PID"":""e6511e613ef9096489ede937397fdbd0bc642ecff74e16ae292ba882c2880a95""","""O"":""r""","""X"":""X0""","""Y"":""Y0""","""P"":""P1""","""Q"":""Q1""","""R"":""R1""","""S"":""S0""","""A"":""A0""","""B"":""B1"""
"""PID"":""3f61cac3876ec48729130e5aa4d1a53f5d4f0d861d79af6a0ae5aced9397d084""","""O"":""r""","""X"":""X0""","""Y"":""Y0""","""P"":""P1""","""Q"":""Q1""","""R"":""R1""","""S"":""S0""","""A"":""A1""","""B"":""B0""","""C"":""C1""","""D"":""D0"""
"""PID"":""c59e88a3ea991fbec8ee15e553200a1253df74d9833585b7a921970f0babe163""","""O"":""r""","""X"":""X0""","""Y"":""Y0""","""P"":""P1""","""Q"":""Q1""","""R"":""R1""","""S"":""S0""","""A"":""A0""","""C"":""C1""","""D"":""D0"""
"""PID"":""91de27f007d26da5c0b28efd687d9adb4d7e4e8322bba8e0f8c71f292490f605""","""O"":""r""","""X"":""X1""","""Y"":""Y0""","""P"":""P1""","""Q"":""Q0""","""R"":""R0""","""S"":""S0""","""A"":""A0""","""B"":""B0""","""C"":""C1""","""D"":""D1"""
"""PID"":""d7f8fc10e4c8f62493e128fa456e630f191d57f3aff51a95d01588c30514ebdc""","""O"":""r""","""X"":""X1""","""Y"":""Y0""","""P"":""P1""","""Q"":""Q0""","""R"":""R0""","""S"":""S0""","""A"":""A0""","""B"":""B1""","""C"":""C1""","""D"":""D0"""
"""PID"":""03a112baf77b875af4b2e57fd48ea51921e3638ed0f26ad4afc53bb694dda01d""","""O"":""w""","""X"":""X1""","""Y"":""Y1""","""P"":""P0""","""Q"":""Q0""","""R"":""R0""","""S"":""S0""","""A"":""A0""","""D"":""D1"""
"""PID"":""861221988c73431bcce4d16b3682e8dd4d833c30553ecc852ec9f1805d0da6a6""","""O"":""w""","""X"":""X1""","""Y"":""Y1""","""P"":""P0""","""Q"":""Q0""","""R"":""R0""","""S"":""S0""","""A"":""A0""","""B"":""B0""","""C"":""C0""","""D"":""D0"""
"""PID"":""aa84d40e91411794c97d6c9c6c53a5626bf7c3c3b686595cb15367d9d71c2686""","""O"":""w""","""X"":""X0""","""Y"":""Y0""","""P"":""P0""","""Q"":""Q1""","""R"":""R0""","""S"":""S1""","""A"":""A0""","""B"":""B1""","""C"":""C1""","""D"":""D1"""
"""PID"":""a79fa56f58a1cc546d47fd7ccdcd41104ef1c100c7501a350d1cae7e1f6df830""","""O"":""w""","""X"":""X0""","""Y"":""Y0""","""P"":""P0""","""Q"":""Q1""","""R"":""R0""","""S"":""S1""","""A"":""A1""","""B"":""B0""","""C"":""C0""","""D"":""D1"""
"""PID"":""1a7729a0bdbc334a552e2f7365df8f7660cbba7b36c60680a19aa559b89f9a0f""","""O"":""r""","""X"":""X0""","""Y"":""Y0""","""P"":""P1""","""Q"":""Q1""","""R"":""R1""","""S"":""S1""","""A"":""A1""","""B"":""B0""","""C"":""C0""","""D"":""D1"""
"""PID"":""2524e26bbacb32ee8c448aa25716461f20b95cdc641ada2d2fa20fe47d1881fc""","""O"":""r""","""X"":""X0""","""Y"":""Y0""","""P"":""P1""","""Q"":""Q1""","""R"":""R1""","""S"":""S1""","""A"":""A1""","""B"":""B1""","""C"":""C1""","""D"":""D1"""
"""PID"":""b858bad499eba7f1f30b957a230da177db53502427691cca66b8cf1c7ff6b1d7""","""O"":""w""","""X"":""X0""","""Y"":""Y0""","""P"":""P0""","""Q"":""Q1""","""R"":""R1""","""S"":""S0""","""A"":""A1""","""B"":""B0""","""C"":""C1""","""D"":""D1"""
"""PID"":""aa4059fc8ed1d8a50ebf3dca1f5524316fe12b840754e8db5d033138774649c5""","""O"":""w""","""X"":""X0""","""Y"":""Y0""","""P"":""P0""","""Q"":""Q1""","""R"":""R1""","""S"":""S0""","""B"":""B0""","""C"":""C0""","""D"":""D1"""
"""PID"":""ea14a839c7e3b7902677941b8dde505d5059567bfd37efa946b8657527838ef4""","""O"":""w""","""X"":""X0""","""Y"":""Y0""","""P"":""P1""","""Q"":""Q1""","""R"":""R0""","""S"":""S1""","""A"":""A0""","""B"":""B1""","""C"":""C0""","""D"":""D1"""
"""PID"":""f6eea1989cb9156f57927e49a8ecdb1fe02853c8b12ebdb2e87329238c90fb78""","""O"":""w""","""X"":""X0""","""Y"":""Y0""","""P"":""P1""","""Q"":""Q1""","""R"":""R0""","""S"":""S1""","""A"":""A0""","""B"":""B1""","""C"":""C1""","""D"":""D1"""
"""PID"":""013cd86911059485a6efdfc3c07902211535d7a9d9103c77b2a678a3fdf1d9c7""","""O"":""w""","""X"":""X0""","""Y"":""Y0""","""P"":""P1""","""Q"":""Q1""","""R"":""R0""","""S"":""S1""","""A"":""A1""","""B"":""B0""","""C"":""C0""","""D"":""D0"""
"""PID"":""b0b05700fbb5755df2fd52b0f78c681634a7da839b501e9ea2aef076ba0e8f3c""","""O"":""r""","""X"":""X0""","""Y"":""Y0""","""P"":""P1""","""Q"":""Q0""","""R"":""R1""","""S"":""S0""","""A"":""A1""","""B"":""B1""","""C"":""C0""","""D"":""D1"""
"""PID"":""db200c4187a4c0b0755458d0236836d22c21bddd987f0026f0e2d69eb968781e""","""O"":""r""","""X"":""X0""","""Y"":""Y0""","""P"":""P1""","""Q"":""Q0""","""R"":""R1""","""S"":""S0""","""A"":""A0""","""D"":""D1"""
"""PID"":""43d20d6047d0ac3a86822d5491c0b7dc03df4d3393272c7c06646e5c5b477d03""","""O"":""r""","""X"":""X0""","""Y"":""Y0""","""P"":""P1""","""Q"":""Q0""","""R"":""R1""","""S"":""S0""","""A"":""A0""","""B"":""B1""","""C"":""C0""","""D"":""D0"""
"""PID"":""c351be8ac2fe20dc8c003654c7f51b9c3efb6985bfb7bd5bceb76799953d517d""","""O"":""w""","""X"":""X1""","""Y"":""Y0""","""P"":""P1""","""Q"":""Q1""","""R"":""R1""","""S"":""S0""","""B"":""B1""","""D"":""D1"""
"""PID"":""50358c8edd1b2d9177b6d61d6ab2ab5d1f2b949170b8e182d49b3fd6a87f6dca""","""O"":""w""","""X"":""X1""","""Y"":""Y0""","""P"":""P1""","""Q"":""Q1""","""R"":""R1""","""S"":""S0""","""B"":""B0""","""C"":""C1""","""D"":""D1"""
"""PID"":""dc866ffc5a73d349b79d7ded37ee54c80345fb23daa9da282764afde42ae41b1""","""O"":""r""","""X"":""X1""","""Y"":""Y1""","""P"":""P1""","""Q"":""Q0""","""R"":""R1""","""S"":""S1""","""B"":""B1""","""C"":""C0""","""D"":""D0"""
"""PID"":""e448544e786b3d6522e38d8999f8d6590dce5e1fc9d08f217cf9e84525b767ef""","""O"":""r""","""X"":""X1""","""Y"":""Y1""","""P"":""P1""","""Q"":""Q0""","""R"":""R1""","""S"":""S1""","""A"":""A1""","""B"":""B1""","""C"":""C1"""
"""PID"":""32946d7e98a549bebcc2d59d031d10a7925cf557d50c30648230b73b22a5cd00""","""O"":""w""","""X"":""X1""","""Y"":""Y0""","""P"":""P1""","""Q"":""Q0""","""R"":""R1""","""S"":""S1""","""A"":""A1""","""B"":""B1""","""C"":""C1""","""D"":""D0"""
"""PID"":""20c2fa4a5743d8a9dd7551b368a755fa76b9763b1f07e61e56561536693c78cd""","""O"":""w""","""X"":""X1""","""Y"":""Y0""","""P"":""P1""","""Q"":""Q0""","""R"":""R1""","""S"":""S1""","""A"":""A1""","""B"":""B0""","""C"":""C0""","""D"":""D0"""
"""PID"":""5d6313c4ab0ca65759ef26b3d8d369b0c3894b4e00da3306e7f8f900e12230f0""","""O"":""w""","""X"":""X1""","""Y"":""Y0""","""P"":""P1""","""Q"":""Q0""","""R"":""R1""","""S"":""S1""","""A"":""A0""","""B"":""B1""","""C"":""C1""","""D"":""D0"""
"""PID"":""09a705e6ea02c37dd3fa6885dac08cb67948ac400031114133fb04a68dee30ce""","""O"":""w""","""X"":""X0""","""Y"":""Y1""","""P"":""P0""","""Q"":""Q1""","""R"":""R0""","""S"":""S1""","""A"":""A0""","""B"":""B1""","""D"":""D0"""
"""PID"":""c65b9b5a7ecac4e2ace7026f65af2ef22e15f94836217c888e852a24187a0c5e""","""O"":""w""","""X"":""X0""","""Y"":""Y1""","""P"":""P0""","""Q"":""Q1""","""R"":""R0""","""S"":""S1""","""A"":""A1""","""C"":""C1""","""D"":""D1"""
"""PID"":""2e75a51c581cd52e743f488c5c52a3bd5210ce0553d5b90519d7c2cbe021f19e""","""O"":""w""","""X"":""X0""","""Y"":""Y1""","""P"":""P0""","""Q"":""Q1""","""R"":""R0""","""S"":""S1""","""A"":""A1""","""B"":""B1""","""C"":""C0""","""D"":""D1"""
"""PID"":""d5bae57ddde2e0e0701ecc1c43b28d279184d847b704d31dc629848a218f2420""","""O"":""r""","""X"":""X0""","""Y"":""Y0""","""P"":""P0""","""Q"":""Q1""","""R"":""R0""","""S"":""S1""","""A"":""A0""","""B"":""B0""","""C"":""C0""","""D"":""D0"""
"""PID"":""755e4f963813b5480118359c637ec3bfe374adc2b22b89feb50ba16d961404b1""","""O"":""r""","""X"":""X0""","""Y"":""Y0""","""P"":""P0""","""Q"":""Q1""","""R"":""R0""","""S"":""S1""","""A"":""A1""","""B"":""B0""","""C"":""C1""","""D"":""D0"""
