"""PID"":""9e5ab52855b829717b5f39c54a66995b0e310ffbe8879418cda7176ee8ed43c0""","""O"":""r""","""X"":""X2""","""Y"":""Y4""","""A"":""A2""","""B"":""B3""","""C"":""C5""","""D"":""D1"""
"""PID"":""154f0abde364b5f0ce40c88a335625f0606b8bd19a3ad7c2ae411611c0cb40ce""","""O"":""r""","""X"":""X0""","""Y"":""Y3""","""A"":""A2""","""B"":""B1""","""C"":""C4""","""D"":""D1"""
"""PID"":""f87f17322a9cbf69414d174dfe93345477300f2c37d45d71f0e96256767e8290""","""O"":""r""","""X"":""X5""","""Y"":""Y3""","""A"":""A2""","""B"":""B4""","""C"":""C1""","""D"":""D5"""
"""PID"":""91c4ba2a40cde268f9983d056cf37537627875448bd0a764b1307829daecb57d""","""O"":""r""","""X"":""X5""","""Y"":""Y3""","""A"":""A0""","""B"":""B0""","""C"":""C4"""
"""PID"":""918f5dfed764e885e99bfc130b19e3ceb78283a2d9fa1616a741cb8b62847ea0""","""O"":""w""","""X"":""X2""","""Y"":""Y0""","""A"":""A0""","""B"":""B1""","""C"":""C2""","""D"":""D2"""
"""PID"":""b1f6151fcd6689802507e29c4188738470666732e54159f7ae13f5e988654544""","""O"":""w""","""X"":""X2""","""Y"":""Y0""","""B"":""B4"""
"""PID"":""0b0edbac9773333003b61a09f718b3f5cff17198e788d06ca09adeefe759a2df""","""O"":""w""","""X"":""X4""","""Y"":""Y4""","""A"":""A2""","""B"":""B4""","""D"":""D4"""
"""PID"":""65ac222997158128e16d3d43c7d8a3333dc29eff4f48ce0d536da5286d02e1b7""","""O"":""w""","""X"":""X4""","""Y"":""Y4""","""A"":""A4""","""B"":""B4""","""C"":""C5""","""D"":""D3"""
"""PID"":""b9826136cf6cb3735f125225df0257a489668e7b6700c9708342373ef7821ae8""","""O"":""r""","""X"":""X1""","""Y"":""Y4""","""A"":""A5""","""B"":""B0""","""D"":""D1"""
"""PID"":""88cbe85c44a28acd1017a9d5a870efa46ba9973b72077e36948e344413ec30e4""","""O"":""r""","""X"":""X1""","""Y"":""Y4""","""A"":""A4""","""B"":""B3""","""C"":""C3""","""D"":""D2"""
"""PID"":""13bbf094904db2550da09047b19a722babfd16bf146182d68d2d60c1fe817b09""","""O"":""w""","""X"":""X3""","""Y"":""Y4""","""A"":""A3""","""B"":""B5""","""C"":""C3""","""D"":""D2"""
"""PID"":""8eb6f8034f5fd210872e8f77a4284871f6ce78c920af89ac00b5a153ef4cb0c7""","""O"":""r""","""X"":""X2""","""Y"":""Y0""","""A"":""A5""","""B"":""B1""","""C"":""C2""","""D"":""D2"""
"""PID"":""4f898e949f044b33da3a2f288c5465c1b3457fb90a83d5e1884ffeed92a91d15""","""O"":""w""","""X"":""X1""","""Y"":""Y5""","""A"":""A1""","""B"":""B2""","""D"":""D5"""
"""PID"":""8963e5e3fa0da942da36e9ea5d11273cd234527b897afd134e8eb23cf83594a7""","""O"":""r""","""X"":""X2""","""Y"":""Y5""","""A"":""A3""","""B"":""B5""","""D"":""D1"""
"""PID"":""3fe7ade5b93fcfcfa1ee69e242ebfabf1a8c7bb0b20a2b2604564751677eeabf""","""O"":""r""","""X"":""X2""","""Y"":""Y5""","""A"":""A0""","""C"":""C4""","""D"":""D2"""
"""PID"":""d8177b08dcf67f5d385781339ea2e0f1991baa1503d6368a57652039d003bced""","""O"":""w""","""X"":""X2""","""Y"":""Y5""","""A"":""A1""","""B"":""B0""","""C"":""C2""","""D"":""D1"""
"""PID"":""02f87acf6546c688fbd9cc31d4452bc1146d93ec3b2c3b99a7c88eb74c23cab3""","""O"":""r""","""X"":""X5""","""Y"":""Y1""","""A"":""A3""","""B"":""B1""","""C"":""C3""","""D"":""D0"""
"""PID"":""e1fb60536968ac62da8d0522d10473c3902716e0d955e436eaa2141c8a539d30""","""O"":""r""","""X"":""X5""","""Y"":""Y2""","""A"":""A3""","""B"":""B4""","""C"":""C2""","""D"":""D3"""
"""PID"":""13e63f18f1dfed0137e7fad7087eac1279c67e7d1ebc1e70ed4a5326ad766752""","""O"":""r""","""X"":""X5""","""Y"":""Y2""","""A"":""A0""","""B"":""B1""","""D"":""D4"""
"""PID"":""770a87807b5ab1d028bf11e025a82de0df8b4602a92ef6503ab02afa74f69dcd""","""O"":""w""","""X"":""X0""","""Y"":""Y3""","""A"":""A5""","""B"":""B1""","""C"":""C1""","""D"":""D5"""
"""PID"":""58f5418af50b5e2be97ca42381eaff3589559ee1352ee504a63702e8d32d8081""","""O"":""w""","""X"":""X5""","""Y"":""Y3""","""A"":""A3""","""B"":""B4""","""C"":""C5""","""D"":""D1"""
"""PID"":""e674930c932611bd8e534ba337aba4b082843e2b81c35dc5f18a13325591992b""","""O"":""w""","""X"":""X2""","""Y"":""Y1""","""A"":""A1""","""B"":""B0""","""C"":""C4""","""D"":""D3"""
"""PID"":""cb8d81292ad747fe155064799ddff3c8be2efcc5e09e3697929843136c5de19c""","""O"":""w""","""X"":""X0""","""Y"":""Y1""","""A"":""A4""","""B"":""B5""","""C"":""C2""","""D"":""D3"""
"""PID"":""406acd9b9e516700d448f18d25388d0b8bc7209b400e6e777d05e6d62d44a1d2""","""O"":""r""","""X"":""X3""","""Y"":""Y3""","""A"":""A2""","""C"":""C2""","""D"":""D4"""
"""PID"":""3fbcce0bf9238618cf2756032648d3aa838b65393c918c47e88ee6377d462bf7""","""O"":""r""","""X"":""X3""","""Y"":""Y3""","""B"":""B5""","""C"":""C0""","""D"":""D5"""
"""PID"":""5488b704106362ad138c05fe034a0b0e7fc1cefa698cee0bfe97f3293cda76e9""","""O"":""r""","""X"":""X0""","""Y"":""Y1""","""A"":""A0""","""B"":""B2""","""C"":""C0""","""D"":""D5"""
"""PID"":""2c8927417cc3dc0d8e09a89c15f30dacae60fba5c700d33f734fcde470ae10eb""","""O"":""r""","""X"":""X0""","""Y"":""Y1""","""B"":""B0"""
"""PID"":""d7ac36195aa308cfd3e0b312f5b7f36c6349ab572dea4ebbec3dd7a13eebfb23""","""O"":""r""","""X"":""X4""","""Y"":""Y3""","""A"":""A0""","""B"":""B3""","""C"":""C0""","""D"":""D2"""
"""PID"":""f78fc763ef5fecf17f907b5dad88e187876bb84e660aac644959cff5b1a227e8""","""O"":""w""","""X"":""X3""","""Y"":""Y2""","""C"":""C3"""
"""PID"":""24da682da9afddcd818ea6973bd3a050d40e085935cef97408c9ae5b02b9c226""","""O"":""w""","""X"":""X3""","""Y"":""Y2""","""A"":""A0""","""B"":""B1""","""D"":""D5"""
"""PID"":""ae343ffe9cc646eccde764d755c05079de0b8665446808df0aa20261d21bbdb7""","""O"":""w""","""X"":""X4""","""Y"":""Y3""","""A"":""A1""","""C"":""C0""","""D"":""D0"""
"""PID"":""d1a9747f5faaa5de12df64076684710c8a31b77a8fa023a18706e425f83fac41""","""O"":""r""","""X"":""X1""","""Y"":""Y1""","""A"":""A2""","""D"":""D0"""
"""PID"":""760dffebf428b876e85236c3eca2db6cb2bb80fc0a7dcb8545b52720bd737765""","""O"":""r""","""X"":""X1""","""Y"":""Y1""","""A"":""A2""","""B"":""B3""","""C"":""C4""","""D"":""D4"""
"""PID"":""e243bf7309d95833b932ff835406c9acc987e434b8d272f87d45cca9509afc42""","""O"":""r""","""X"":""X4""","""Y"":""Y1""","""A"":""A0""","""B"":""B3""","""C"":""C4""","""D"":""D3"""
"""PID"":""3afe3b7173264cf188a04b52b6e6672ab3cbbed26296274fab26d8ddfce65a8d""","""O"":""r""","""X"":""X0""","""Y"":""Y4""","""A"":""A1""","""B"":""B3""","""C"":""C2""","""D"":""D4"""
"""PID"":""40a244e0e58c729193497e37b710ea455b280fc4dc39191887083d48a6b1459f""","""O"":""r""","""X"":""X1""","""Y"":""Y5""","""A"":""A2""","""B"":""B3""","""C"":""C1""","""D"":""D0"""
"""PID"":""302aeb78a688bcb0c7037a86e2bc9adc87d5872e9d8178a2170a6687fdd84a44""","""O"":""r""","""X"":""X5""","""Y"":""Y4""","""A"":""A3""","""B"":""B2""","""C"":""C4"""
"""PID"":""006482e84806b81a6f02913ce99dd664a143f91bf662419c8575e47d6bb1fa20""","""O"":""r""","""X"":""X5""","""Y"":""Y4""","""A"":""A5""","""B"":""B4""","""C"":""C1""","""D"":""D0"""
"""PID"":""d7cbddcef2e91e1d8f3a4c18a8fe0cccc7dea79f588da30b596cf770b78651e9""","""O"":""w""","""X"":""X5""","""Y"":""Y0""","""A"":""A3""","""B"":""B1""","""C"":""C5""","""D"":""D0"""
"""PID"":""d6dfaabda33c95ee303db3e8626221ac09b5e0adb07447d3a243cb23890cd94f""","""O"":""w""","""X"":""X5""","""Y"":""Y0""","""A"":""A3""","""C"":""C2""","""D"":""D1"""
"""PID"":""6d868481b18b0c1225035b4a008f3c2513047fb0780b709d356a5b3ba13e0536""","""O"":""r""","""X"":""X4""","""Y"":""Y4""","""A"":""A1""","""B"":""B5""","""C"":""C5""","""D"":""D4"""
"""PID"":""d540b483ced2a82f5d19c4696ba16907e550c16a3544af95981e5f1f080a6013""","""O"":""r""","""X"":""X4""","""Y"":""Y4""","""A"":""A1""","""B"":""B2""","""C"":""C3""","""D"":""D2"""
"""PID"":""cf93e2e9f7444a16e950ccf73afc008e4d37bf33ea6dc660e1262abe72422e81""","""O"":""r""","""X"":""X4""","""Y"":""Y2""","""A"":""A3""","""B"":""B4""","""C"":""C5""","""D"":""D2"""
"""PID"":""be6d2675717dcb89cf88a3c186a56dbf5eb13ee7a1ef1707840213c7d9bcc5c1""","""O"":""r""","""X"":""X4""","""Y"":""Y0""","""A"":""A1""","""B"":""B5""","""C"":""C2""","""D"":""D5"""
"""PID"":""b77ebf3d11997fbf0cda23736d25e474b99f5aa7d0121ffd530f84df7aef5061""","""O"":""w""","""X"":""X1""","""Y"":""Y3""","""A"":""A1""","""C"":""C0""","""D"":""D4"""
"""PID"":""5989b8d09e126997c2938bc66f424ba8ba5fca332b345f9c663a82501ea323e0""","""O"":""w""","""X"":""X1""","""Y"":""Y3""","""A"":""A3""","""B"":""B5""","""C"":""C5""","""D"":""D3"""
"""PID"":""e967c95a71440beb6c6b77d2c7d4ba39d176e9a57ffcd489e66eb35dfc9ae72e""","""O"":""r""","""X"":""X1""","""Y"":""Y2""","""A"":""A1""","""B"":""B2""","""C"":""C1""","""D"":""D5"""
"""PID"":""71ac491067fcc5729af7fc7906088681bd037ef88383a2bce2c8f5b10f4e2f2c""","""O"":""w""","""X"":""X3""","""Y"":""Y1""","""B"":""B5""","""C"":""C1""","""D"":""D2"""
"""PID"":""3f979f1c21e1a7ebee1dc97113fb9f433d2f311349439821a95021c206cef56b""","""O"":""w""","""X"":""X2""","""Y"":""Y3""","""A"":""A1""","""B"":""B5""","""C"":""C1"""
"""PID"":""4eb0ff0cf0d28db500659c08a3598150a542c090346830a9b79e27616e39ee20""","""O"":""w""","""X"":""X2""","""Y"":""Y3""","""A"":""A0""","""B"":""B1"""
"""PID"":""239b88da67cec90be0d6c4e6efaf2e225dac6fd0fa122f67a1bd752a460f5fc6""","""O"":""w""","""X"":""X5""","""Y"":""Y1""","""A"":""A3""","""B"":""B0""","""C"":""C5""","""D"":""D2"""
"""PID"":""9df5de823829a6711ec68c2d2c0e9e12dea5f62592dacbddbc7aa92054f0a5f5""","""O"":""w""","""X"":""X5""","""Y"":""Y1""","""A"":""A2""","""B"":""B4""","""C"":""C2""","""D"":""D2"""
"""PID"":""21da68332066e9af01663b011b1dc7511717cc470607d296c374b31bdf867e01""","""O"":""w""","""X"":""X0""","""Y"":""Y2""","""A"":""A5""","""B"":""B3""","""C"":""C2""","""D"":""D0"""
"""PID"":""96cf573980a4715e3b1e28c6c11ef71d18ecd0466185b5ae8d4abb41a5a993c9""","""O"":""w""","""X"":""X0""","""Y"":""Y2""","""A"":""A5""","""B"":""B3""","""C"":""C0""","""D"":""D2"""
"""PID"":""f29d9ac3516512817ae05c5d12f861731e21300650253a8f798fd9d5acf3e9ce""","""O"":""r""","""X"":""X0""","""Y"":""Y5""","""A"":""A0""","""B"":""B5""","""C"":""C5""","""D"":""D2"""
"""PID"":""257ee5f84318abc905fa34536f682515325a88f3fc05de1cdf56ed823829fbb5""","""O"":""r""","""X"":""X0""","""Y"":""Y5""","""A"":""A0""","""B"":""B2""","""C"":""C5""","""D"":""D1"""
"""PID"":""d216461cb13fe11f533e8e7cb84854eb16ab8d3874530f27694286d116dbaa58""","""O"":""r""","""X"":""X2""","""Y"":""Y3""","""A"":""A4""","""B"":""B1""","""C"":""C4""","""D"":""D4"""
"""PID"":""de9f912b2ac5a1b1d1a555ab29f054373635cf8f4db87528595e72574deeda54""","""O"":""r""","""X"":""X4""","""Y"":""Y5""","""A"":""A0""","""C"":""C0""","""D"":""D4"""
"""PID"":""e8fc3136f94d96e2ff4411d58958497fd9f5ceeb78292bed2a45a2018a0a1d56""","""O"":""r""","""X"":""X5""","""Y"":""Y0""","""B"":""B1""","""C"":""C1"""
"""PID"":""6255b29561a6e2387797c3e00e5fef28f822f74c24fe443da9235b324429a311""","""O"":""r""","""X"":""X5""","""Y"":""Y0""","""A"":""A4""","""B"":""B2""","""C"":""C3""","""D"":""D1"""
"""PID"":""98a29823553b4b96b3f04db9a7be77d7197fe1f97b45157f1b9d4454ee331339""","""O"":""r""","""X"":""X0""","""Y"":""Y0""","""A"":""A4""","""B"":""B0""","""C"":""C5"""
"""PID"":""0d29753078f2b027063a645e96490b5f61b7bd4ed0ef4483eb34ad902b7d2f62""","""O"":""r""","""X"":""X0""","""Y"":""Y0""","""A"":""A2""","""B"":""B0""","""C"":""C1""","""D"":""D4"""
"""PID"":""523b80f7514dfe955ca61fc47df5426abbcc7e9ca2c88ed8fb130c90b1bb047e""","""O"":""r""","""X"":""X0""","""Y"":""Y2""","""A"":""A2""","""B"":""B3""","""C"":""C2""","""D"":""D5"""
"""PID"":""83145a304b1f2beb5bcb8743e4e422b4fde940e148c8aa74e2c4d10c8011072e""","""O"":""w""","""X"":""X2""","""Y"":""Y4""","""A"":""A2""","""B"":""B3""","""C"":""C3""","""D"":""D4"""
"""PID"":""1ad56df3132fc9fae3d60f4c05709d8b210a7b8f5b71a5f991dbb899da0ee77e""","""O"":""r""","""X"":""X1""","""Y"":""Y0""","""A"":""A4""","""B"":""B5""","""D"":""D0"""
"""PID"":""90f23293aef6b4554176c0a22a1d526c2f27b02ee73252b46953452154dc0d98""","""O"":""r""","""X"":""X3""","""Y"":""Y0""","""A"":""A0""","""B"":""B0""","""C"":""C4""","""D"":""D2"""
"""PID"":""85ab76c03ad5faab2eed73d34ba14e0aaec095f7c517de8120953e82eb13f9e3""","""O"":""r""","""X"":""X3""","""Y"":""Y0""","""A"":""A0""","""B"":""B5""","""C"":""C4""","""D"":""D2"""
"""PID"":""cec511b9fc416e8aadc07f84f329b1f9127b04976c6d3c47a9fcb059e2e49afe""","""O"":""w""","""X"":""X4""","""Y"":""Y5""","""A"":""A1""","""B"":""B3""","""C"":""C0"""
"""PID"":""4ac83a0bff08f676f5516a574460ea12ad8c69e07e8786c8481b1914c4c4f42c""","""O"":""w""","""X"":""X5""","""Y"":""Y4""","""A"":""A2""","""C"":""C0""","""D"":""D5"""
"""PID"":""c8731aab932a64d4082890fa41ec24f1d5f63d1f9a846c330cb16787567b157a""","""O"":""w""","""X"":""X5""","""Y"":""Y4""","""A"":""A4""","""B"":""B1""","""C"":""C4""","""D"":""D1"""
"""PID"":""c983e80f8b69c27dd0b9c5dbcf031627d18a8c89294da721d8a011a6a1e1957b""","""O"":""r""","""X"":""X3""","""Y"":""Y2""","""A"":""A3""","""B"":""B0""","""C"":""C0""","""D"":""D5"""
"""PID"":""1e27c7860616336cf01f127ba51228b02cd3b0fc1dde2d767dba2457901e204f""","""O"":""r""","""X"":""X3""","""Y"":""Y2""","""A"":""A3""","""C"":""C0""","""D"":""D5"""
"""PID"":""188ddb276fa69457061ae5cf4ea1731b0cf47f9c13e2fcb0dc69058105491fa1""","""O"":""r""","""X"":""X1""","""Y"":""Y3""","""A"":""A3""","""B"":""B3""","""C"":""C5"""
"""PID"":""30aa118c618e494c0bd6ff8d089ec72b5ecd71e4bb11e1d7004380da268d1246""","""O"":""r""","""X"":""X1""","""Y"":""Y3""","""A"":""A4""","""B"":""B2""","""C"":""C2""","""D"":""D0"""
"""PID"":""e26a3774687b5eadb4c5c4f6e97da0ff9e70d7e4e8af6c6d2c897d7babdd1dc9""","""O"":""r""","""X"":""X2""","""Y"":""Y1""","""A"":""A3""","""B"":""B3""","""C"":""C4"""
"""PID"":""e3a3477b77818cd509f8e24b8c9488d658c62c8a3e5390a2c0a28412ac34f641""","""O"":""r""","""X"":""X2""","""Y"":""Y1""","""A"":""A3""","""B"":""B4""","""C"":""C0""","""D"":""D3"""
"""PID"":""a23eb60c466f75b852b081c05b173597bf9864fc7ec91a7675595260d92ce28a""","""O"":""w""","""X"":""X4""","""Y"":""Y1""","""A"":""A3""","""B"":""B5""","""C"":""C5"""
"""PID"":""ce3c58b83d9ac08bf5fae12a9adf0b6c7981176f5d5bcd8c9dddf9925dea7b9e""","""O"":""r""","""X"":""X2""","""Y"":""Y2""","""A"":""A1""","""B"":""B4""","""D"":""D1"""
"""PID"":""726b2416ecf727115a419cbf16c92c101c47aa9e82cf27d484e43d0e1513018a""","""O"":""r""","""X"":""X2""","""Y"":""Y2""","""A"":""A5""","""B"":""B4""","""C"":""C2""","""D"":""D5"""
"""PID"":""64bdf043fcd5b29ca0787e0e967cf44b821f085a04433abbdfd2e77250301da2""","""O"":""w""","""X"":""X3""","""Y"":""Y3""","""A"":""A5""","""B"":""B4""","""C"":""C3""","""D"":""D2"""
"""PID"":""044104da4bceef530f8d9a98d6e838bb21f67487afe53cfb6b64332df9f99bfd""","""O"":""r""","""X"":""X3""","""Y"":""Y1""","""A"":""A3""","""B"":""B2""","""C"":""C1"""
"""PID"":""4f6d8efa62d14e346035ff05dc37ebb2ff456872b895986448331694e2237f56""","""O"":""w""","""X"":""X5""","""Y"":""Y2""","""A"":""A4""","""B"":""B2""","""C"":""C3""","""D"":""D4"""
"""PID"":""64d0dfc53eca6a82b227e44248ec9150264d8265a0932312838c5d2a9ab2a07c""","""O"":""w""","""X"":""X1""","""Y"":""Y1""","""A"":""A5""","""B"":""B3""","""C"":""C3"""
"""PID"":""52040c4fb42c4ed78f99f770971a0d02ed5b98c13f38fe4813d608d1c8d2d1c4""","""O"":""w""","""X"":""X4""","""Y"":""Y2""","""A"":""A0""","""B"":""B3""","""C"":""C2""","""D"":""D2"""
"""PID"":""25111416d807ef7156187e9b0373e088f8bf6a8ceabb621993ad24748faa90a5""","""O"":""w""","""X"":""X2""","""Y"":""Y2""","""A"":""A0""","""B"":""B3""","""C"":""C3""","""D"":""D4"""
"""PID"":""1dd7bf43efd6d0a18c9ecedad0c878b4a8ab1a88aa14f9310937ea35d061f517""","""O"":""w""","""X"":""X1""","""Y"":""Y4""","""A"":""A1""","""B"":""B1""","""C"":""C2""","""D"":""D0"""
"""PID"":""ed19d4dc4ab5c4dc1c2ef5681fd0f89bea6ba5fe71cb1be076c34c552b1b452c""","""O"":""w""","""X"":""X3""","""Y"":""Y0""","""A"":""A2""","""B"":""B0""","""C"":""C0""","""D"":""D4"""
"""PID"":""66a5650c5954f0496effbfb38cd0e29f15c4a30440dfa13eeabb63bd84356f2b""","""O"":""w""","""X"":""X1""","""Y"":""Y2""","""A"":""A0""","""B"":""B0""","""C"":""C2""","""D"":""D5"""
"""PID"":""47a81aab2c88a4d50263b5a57f46070fe8d5bb68f602a1aa1c1e9ac5dd055922""","""O"":""r""","""X"":""X5""","""Y"":""Y5""","""A"":""A4""","""C"":""C0""","""D"":""D0"""
"""PID"":""5795bfa9f356fbecdeadfc1283bd0054fe3be2b802fa2cc5ac257ba9727cc56b""","""O"":""w""","""X"":""X0""","""Y"":""Y0""","""A"":""A4""","""B"":""B0""","""D"":""D4"""
"""PID"":""4b3a7223c29c45233f82ba3e3ed8b1186a3bf0fa28c6d3282344da67305b8690""","""O"":""w""","""X"":""X1""","""Y"":""Y0""","""A"":""A2""","""B"":""B2""","""C"":""C3""","""D"":""D5"""
"""PID"":""b3fb4bd8fb9474f0b1de44f1455b92765a38a19c55e56b16d7097c9492b956ee""","""O"":""r""","""X"":""X3""","""Y"":""Y4""","""A"":""A4""","""B"":""B4""","""C"":""C2""","""D"":""D4"""
"""PID"":""21e690d2341305db71a65803d82fde0f0207bdc7c26728e1c065388534b350fd""","""O"":""w""","""X"":""X0""","""Y"":""Y5""","""A"":""A0""","""B"":""B2""","""C"":""C0""","""D"":""D0"""
"""PID"":""75261887a8dc5b64c8831f43522e84444d09adb50de6000efcaea50c2d8fb94f""","""O"":""w""","""X"":""X0""","""Y"":""Y5""","""A"":""A4""","""B"":""B0""","""C"":""C3""","""D"":""D2"""
"""PID"":""8b76c7f5895f4791ecd693b7ed55470805d579c952e2e9d5e5c8322ff9ce33ac""","""O"":""w""","""X"":""X5""","""Y"":""Y5""","""B"":""B1""","""C"":""C4""","""D"":""D2"""
"""PID"":""1bf4c2a410ccf503a9272fc4de0b82186989cfa1f05fe7ef3fd7836e295a0104""","""O"":""w""","""X"":""X4""","""Y"":""Y0""","""A"":""A5""","""B"":""B2""","""C"":""C0""","""D"":""D4"""
"""PID"":""9884e2bc635a71eb69d4c510e4c74a1a0d51376708e73d9a1fb36a3ab2464b3d""","""O"":""w""","""X"":""X4""","""Y"":""Y0""","""A"":""A1""","""B"":""B0""","""C"":""C4""","""D"":""D3"""
"""PID"":""7887bd5a3ed704f5380dd41d6256643340285bf9177abff2e6ae39512ea110b0""","""O"":""r""","""X"":""X3""","""Y"":""Y5""","""B"":""B0""","""C"":""C0""","""D"":""D3"""
"""PID"":""bc35d735ef3f01411665de87549f8a7114240016e91c600d10e3c3ee6a042187""","""O"":""w""","""X"":""X0""","""Y"":""Y4""","""B"":""B2""","""D"":""D2"""
"""PID"":""ef9ad3e0175650b4328ae818012b667be66c2f634c77a2a2140ded1ca66b7519""","""O"":""w""","""X"":""X3""","""Y"":""Y5""","""A"":""A3""","""B"":""B2""","""C"":""C2""","""D"":""D0"""
