"""PID"":""5438089d399ca273dd60d78910127343a19cc4efbcb87039544698d7bd35c124""","""O"":""w""","""X"":""X0""","""Y"":""Y0""","""B"":""B1""","""C"":""C0""","""D"":""D1"""
"""PID"":""819dd7b69bf08e539943876c44809a691c15581133343e8ae5d57a23e0d4e2d2""","""O"":""w""","""X"":""X0""","""Y"":""Y0""","""B"":""B0""","""C"":""C1""","""D"":""D1"""
"""PID"":""ab8fb63e61fa7a7b54fbb257a47485c59baee89dc2f365534f80416171deed69""","""O"":""w""","""X"":""X0""","""Y"":""Y0""","""B"":""B1""","""D"":""D0"""
"""PID"":""9f3a34b9cb520e50d566fe9ca0d49b657b7ecc0e3439baf5f7b1d5ffcc39866d""","""O"":""w""","""X"":""X0""","""Y"":""Y0""","""A"":""A1""","""C"":""C1""","""D"":""D1"""
"""PID"":""c117c21c30ca7b901853eb0aa186af40d5ec36ef532a1fe411b9fe01dc4b613c""","""O"":""w""","""X"":""X0""","""Y"":""Y0""","""A"":""A1""","""B"":""B0""","""D"":""D0"""
"""PID"":""c5d8d99ec8791467c1e9af460ec8eeede3f06d2370270c9e6e251a43cb4f99b4""","""O"":""w""","""X"":""X0""","""Y"":""Y0""","""A"":""A1""","""B"":""B0""","""C"":""C0""","""D"":""D1"""
"""PID"":""92ae83fd0c4dd074c887aeec28dc87dc27272187bd44c87cc2def41350b2b7aa""","""O"":""w""","""X"":""X0""","""Y"":""Y0""","""A"":""A1""","""B"":""B1""","""D"":""D1"""
"""PID"":""9450fa7ef5995148100a8c27dc8363fe001c80d0dd5ba858a604c4748e473289""","""O"":""w""","""X"":""X0""","""Y"":""Y0""","""A"":""A1""","""B"":""B1""","""D"":""D0"""
"""PID"":""da334f0578b0fa032b40ba44f3101ffe85422f9f2fab9cb42ac55d6b72cc5eca""","""O"":""w""","""X"":""X0""","""Y"":""Y0""","""A"":""A1""","""B"":""B0""","""C"":""C0""","""D"":""D0"""
"""PID"":""f7df1314bc2b9bcdb40921bc463fc77f6065cfa948f8e365bc1a9427021202f0""","""O"":""w""","""X"":""X0""","""Y"":""Y0""","""A"":""A0""","""B"":""B0""","""C"":""C1""","""D"":""D1"""
"""PID"":""a37691597a35c1d7638d52f207f2f1f90f556549d39cf105d5d6b5377da9b1a3""","""O"":""w""","""X"":""X0""","""Y"":""Y0""","""B"":""B0""","""C"":""C0""","""D"":""D1"""
"""PID"":""5e48b9722b762e99fb1982937e32ba7bb23f6c5a7b79fb1e7a496bba94e1e5d6""","""O"":""w""","""X"":""X0""","""Y"":""Y0""","""A"":""A0""","""B"":""B1""","""C"":""C1""","""D"":""D0"""
"""PID"":""69519320ad3d30d56226eb1349ced40ff0d1ca16e957ed36f63ba77479a0975f""","""O"":""w""","""X"":""X0""","""Y"":""Y0""","""A"":""A0""","""C"":""C1"""
"""PID"":""9ba44b8332920d60a6acb82c960a23e4b85e80bc8c33cc196317adf66153d45f""","""O"":""r""","""X"":""X1""","""Y"":""Y1""","""A"":""A1""","""B"":""B0""","""D"":""D0"""
"""PID"":""a0eca9d5a8a9f32804d314bb678327f8d98f09ce75d3ec9f94fee26584bbefae""","""O"":""r""","""X"":""X1""","""Y"":""Y1""","""A"":""A0""","""B"":""B1""","""C"":""C0"""
"""PID"":""bff48c4957dde70dfe9b8a4e05f3b734e9825ef11268c4e45a432cc9bb8d9d59""","""O"":""r""","""X"":""X1""","""Y"":""Y1""","""A"":""A1""","""B"":""B0""","""C"":""C1"""
"""PID"":""8162418414caba21957f963167aaaa2d847b3ca2ff5541d61ff671aa5af538c9""","""O"":""r""","""X"":""X1""","""Y"":""Y1""","""A"":""A0""","""B"":""B1""","""D"":""D1"""
"""PID"":""dfd4707e4b68adc09c343eafb61291654b99cd19f9867fae51117de1ed611218""","""O"":""r""","""X"":""X1""","""Y"":""Y1""","""A"":""A0""","""B"":""B1""","""C"":""C0""","""D"":""D1"""
"""PID"":""7c0e7786c5af0ecd31191fd11ac5f5c4c5eb4e409183e9811b895e4adb10331a""","""O"":""r""","""X"":""X1""","""Y"":""Y1""","""A"":""A0""","""B"":""B0""","""C"":""C1""","""D"":""D0"""
"""PID"":""7ab84747cabc2d21f2484bea5d6ea7ecdbddd55f254d9d266184f750e103a003""","""O"":""r""","""X"":""X1""","""Y"":""Y1""","""A"":""A0""","""B"":""B1""","""C"":""C1""","""D"":""D0"""
"""PID"":""0615fd9895ad9c4b3b0966ae19e5fe3daf9995e7a5109ae05f3f99a4cffbc56e""","""O"":""r""","""X"":""X1""","""Y"":""Y1""","""A"":""A0""","""B"":""B1""","""C"":""C0""","""D"":""D0"""
"""PID"":""ff968756de0ec457811aca17bb287312042429dcc26068e05bd038928d13f981""","""O"":""r""","""X"":""X1""","""Y"":""Y1""","""A"":""A0""","""B"":""B1""","""C"":""C1""","""D"":""D1"""
"""PID"":""aaaa14c77df0903f5c5dbc57639bd608052167aaed599c70c0f7cf3cc7c8609d""","""O"":""r""","""X"":""X1""","""Y"":""Y1""","""A"":""A1""","""B"":""B0""","""C"":""C1""","""D"":""D1"""
"""PID"":""33219516d02644704ac0485916063ea788a5efc39fa0e8ea6d4c420a037b1d0b""","""O"":""r""","""X"":""X1""","""Y"":""Y1""","""A"":""A1""","""B"":""B0""","""C"":""C0""","""D"":""D1"""
"""PID"":""f4225dba47140c608cf4be453b43dd2a874468ed3def5c9e04950cb0ddce6e11""","""O"":""w""","""X"":""X1""","""Y"":""Y1""","""A"":""A0""","""B"":""B1""","""C"":""C0""","""D"":""D1"""
"""PID"":""4a2a7e319fb9745ebb25fe2fadcb074790c69f381de33ad594f9645d83222feb""","""O"":""w""","""X"":""X1""","""Y"":""Y1""","""A"":""A1""","""B"":""B0""","""C"":""C1""","""D"":""D0"""
"""PID"":""20772b0b26d7354d0a45ba8fc1d0528eff9e28601054d2fbbc1d82ccc425927f""","""O"":""w""","""X"":""X1""","""Y"":""Y1""","""A"":""A1""","""B"":""B1""","""C"":""C1""","""D"":""D0"""
"""PID"":""e62b79e9676ef8ffaca015bdd9ad28391ee069b0ed263ee60134fe72a4c3c79f""","""O"":""w""","""X"":""X1""","""Y"":""Y1""","""A"":""A1""","""B"":""B0""","""C"":""C1""","""D"":""D1"""
"""PID"":""2bc1c93a218643463f3270877a6e13cae45353ab2e5d410a2a0ccd811fbbad59""","""O"":""w""","""X"":""X1""","""Y"":""Y1""","""B"":""B1""","""C"":""C1""","""D"":""D0"""
"""PID"":""31540d1a8d3e0b9e67340398aa7a506bc9ed22311e30365f13717b2a0cc9862a""","""O"":""w""","""X"":""X1""","""Y"":""Y1""","""A"":""A1""","""B"":""B1""","""C"":""C0""","""D"":""D0"""
"""PID"":""5fadf67ae4010b4ba216c23361ebf095c9ae68686717f067f0cf967e1a638293""","""O"":""w""","""X"":""X1""","""Y"":""Y1""","""A"":""A1""","""B"":""B1""","""C"":""C0""","""D"":""D1"""
"""PID"":""20efb003a2f087937e3b821dc780590beb0046beba5cb0b10536121499dfd899""","""O"":""w""","""X"":""X1""","""Y"":""Y1""","""A"":""A1""","""B"":""B1""","""C"":""C1""","""D"":""D1"""
"""PID"":""e92e1c2ac094c052a7807ca610fae5e14a2ea1829b0a0c4e6dbe926af95ad388""","""O"":""w""","""X"":""X1""","""Y"":""Y1""","""A"":""A1""","""C"":""C0""","""D"":""D1"""
"""PID"":""0da22d0f8c3245f991ae97fa5d3867b73514a481fb20c83a676dff80b6126b88""","""O"":""w""","""X"":""X1""","""Y"":""Y1""","""A"":""A1""","""D"":""D1"""
"""PID"":""40e2340fd9cff5b72bb04400a83e88266f6689dfc224ab8d58b22f3508b503d6""","""O"":""w""","""X"":""X1""","""Y"":""Y1""","""A"":""A1""","""B"":""B0""","""C"":""C0""","""D"":""D1"""
"""PID"":""4a76e685a169ab5a38dfd05ccb5f46d8932950b1c2e16d852a7964bd9b19f917""","""O"":""w""","""X"":""X1""","""Y"":""Y1""","""A"":""A1""","""C"":""C1""","""D"":""D0"""
"""PID"":""e102e6a12c2cb6d4b11a3ae1024302491008660519f509259062b38c4dae104b""","""O"":""w""","""X"":""X1""","""Y"":""Y1""","""A"":""A0""","""B"":""B0""","""C"":""C1""","""D"":""D0"""
"""PID"":""86eb898d83413cfc02a28b35a4c7499cbdcaa3642eaf7703b68da2df040284a0""","""O"":""r""","""X"":""X0""","""Y"":""Y1""","""B"":""B0""","""C"":""C0"""
"""PID"":""ef3acab2a7b28476d059d4a9e7f8485cf49cdfea54efe580f8d56ce722e5ae8f""","""O"":""r""","""X"":""X0""","""Y"":""Y1""","""A"":""A1""","""B"":""B0""","""D"":""D1"""
"""PID"":""b5038b8a697096dd8484cbb56c77c6afa5b51f7a341aaa05b089a0ce5d73f0e7""","""O"":""r""","""X"":""X0""","""Y"":""Y1""","""A"":""A0""","""B"":""B1""","""C"":""C0""","""D"":""D0"""
"""PID"":""f9648fffbda5e8744c7aa88e0e7dab1e77f57bbd7ade670efc8240f724d5dcc8""","""O"":""r""","""X"":""X0""","""Y"":""Y1""","""A"":""A1""","""B"":""B1""","""C"":""C0"""
"""PID"":""14ba3601e988e68f29964a6121850ad627fb8955cd94e76f130d7b5e32978f28""","""O"":""r""","""X"":""X0""","""Y"":""Y1""","""A"":""A0""","""B"":""B1""","""C"":""C1""","""D"":""D1"""
"""PID"":""fb7416e1cba22425e2499b94719af49e4f714f059aea629ba425558b302dca34""","""O"":""r""","""X"":""X0""","""Y"":""Y1""","""A"":""A1""","""B"":""B0"""
"""PID"":""fa7f57ad9b2b97f0c268d905a9a9ec8d7f23b80e0d264a9e2791b8f4bd1ac02d""","""O"":""r""","""X"":""X0""","""Y"":""Y1""","""A"":""A0""","""B"":""B0""","""D"":""D1"""
"""PID"":""1116881109cdade8c9d1b0b5909702b51cd2668a3e58e82a3d34e7df78b1c8d2""","""O"":""r""","""X"":""X0""","""Y"":""Y1""","""A"":""A1""","""B"":""B0""","""C"":""C1"""
"""PID"":""7fe5d644da0f6cbcd554643f74d966b4c92d95b88b5393ae29f89d7fb3b9e607""","""O"":""r""","""X"":""X0""","""Y"":""Y1""","""A"":""A0""","""B"":""B1""","""D"":""D1"""
"""PID"":""93ca8b4e3894fe1ea13dfad54f70253fe6ce0671680e768302825ec34a4a7887""","""O"":""r""","""X"":""X0""","""Y"":""Y1""","""A"":""A0""","""B"":""B1""","""D"":""D0"""
"""PID"":""0403b34c69799defc1ef66339baa6bc247460b5f76a5bec39c6d575db72f0970""","""O"":""r""","""X"":""X0""","""Y"":""Y1""","""A"":""A0""","""B"":""B0""","""C"":""C0"""
"""PID"":""0006b5856bd356dfdeb29f8228e46d743e261cbb53e9f75d86a089ec505e72e9""","""O"":""r""","""X"":""X0""","""Y"":""Y1""","""A"":""A0""","""B"":""B0""","""C"":""C0""","""D"":""D0"""
"""PID"":""5eb598a8f1fdd8ad21b2c88f4f01d97da80d64385ab62e5ab3547c1e4f872829""","""O"":""r""","""X"":""X0""","""Y"":""Y1""","""A"":""A0""","""D"":""D1"""
"""PID"":""cf66cbed830924c59073dd099f7892d8b97158e5c7d15493911524fbb5dc85a3""","""O"":""r""","""X"":""X0""","""Y"":""Y1""","""A"":""A1""","""C"":""C1""","""D"":""D1"""
"""PID"":""4c60a5b32a745bb03917197858befd3af07a7be1281b0fda0af7e0223c38da2a""","""O"":""r""","""X"":""X0""","""Y"":""Y1""","""B"":""B0""","""C"":""C0""","""D"":""D1"""
"""PID"":""d455d72650fdce87276540860726a704005c5e7fc78ff4af21e551144076ed8b""","""O"":""r""","""X"":""X0""","""Y"":""Y0""","""A"":""A0""","""B"":""B0""","""C"":""C0""","""D"":""D1"""
"""PID"":""dab7aa45a3e0eff8fae527f5bc1dbfea388599c9f4c822e08973f03c17702f5f""","""O"":""r""","""X"":""X0""","""Y"":""Y0""","""A"":""A1""","""B"":""B0""","""C"":""C1""","""D"":""D1"""
"""PID"":""ad595fd87d1de4450e19b78879c27d5c79da0b18c13bc0fa7fb8a471bab713f2""","""O"":""r""","""X"":""X0""","""Y"":""Y0""","""A"":""A0""","""B"":""B1""","""C"":""C1""","""D"":""D1"""
"""PID"":""1dc4876408231e0d083dec8fdf43612b64fa5c132b35061a256333550bc1fd9d""","""O"":""r""","""X"":""X0""","""Y"":""Y0""","""A"":""A1""","""B"":""B1""","""C"":""C0""","""D"":""D1"""
"""PID"":""e47af04bfd0d35914f64f819244750833cc729182b15e55d475ac1ea0247829a""","""O"":""r""","""X"":""X0""","""Y"":""Y0""","""A"":""A1""","""B"":""B0""","""D"":""D0"""
"""PID"":""e843a7263bfeb16bcd7e8789bc9d670590f2512f9a05e8b6d84567475ab12e78""","""O"":""r""","""X"":""X0""","""Y"":""Y0""","""A"":""A0""","""B"":""B0""","""C"":""C0""","""D"":""D0"""
"""PID"":""d47469cca7b9936606b441eebf93b44e7b3c92baed26e96819f7653eeb7c1ac1""","""O"":""r""","""X"":""X0""","""Y"":""Y0""","""A"":""A0""","""B"":""B0""","""D"":""D0"""
"""PID"":""051ba1a3fb6607fb1b369b322b105ddebb0f2719493ba5f9ddb72b7de41911c5""","""O"":""r""","""X"":""X0""","""Y"":""Y0""","""A"":""A1""","""B"":""B1""","""C"":""C0""","""D"":""D0"""
"""PID"":""1a95c69491e9f5638c2223514c5de890b58bb41b50d4a0e478dba2f1ef53337f""","""O"":""r""","""X"":""X0""","""Y"":""Y0""","""A"":""A0""","""B"":""B1""","""C"":""C0""","""D"":""D1"""
"""PID"":""823e8feb5f2235bdc618cca67a90c87243240e605879d29d8241e65503cf1150""","""O"":""r""","""X"":""X0""","""Y"":""Y0""","""A"":""A1""","""B"":""B0""","""C"":""C1""","""D"":""D0"""
"""PID"":""3f993f6f3ea4206c836193bed6e31d6be48ed690c81af09bf0e626a2553dc7c9""","""O"":""r""","""X"":""X0""","""Y"":""Y0""","""A"":""A1""","""B"":""B1""","""D"":""D1"""
"""PID"":""7bdae9ed52624832a7e0691144d6f7c5b0a46d648cda2f9ea8a1da519cd1ddd2""","""O"":""r""","""X"":""X0""","""Y"":""Y0""","""A"":""A1""","""B"":""B1""","""D"":""D0"""
"""PID"":""cbc22defd23bd1b53981629df3766824bdb85cddc483307802932210abca58dd""","""O"":""r""","""X"":""X0""","""Y"":""Y0""","""B"":""B1""","""C"":""C1""","""D"":""D1"""
"""PID"":""6f27654a297bea25fb7d70b222b600a5d4caaa0efd9accf1433032c0cf525dab""","""O"":""r""","""X"":""X1""","""Y"":""Y0""","""A"":""A1""","""B"":""B1""","""C"":""C0"""
"""PID"":""ff6602b34d9a8d6afd5664ec02cd24306d3bcb19a425ad48ecccdf1893ca3115""","""O"":""r""","""X"":""X1""","""Y"":""Y0""","""A"":""A1""","""B"":""B0""","""C"":""C0""","""D"":""D1"""
"""PID"":""9166ecb615b7b1345f74336fba1d4738ee4056d282b751810f466373c27c6297""","""O"":""r""","""X"":""X1""","""Y"":""Y0""","""A"":""A1""","""B"":""B1""","""C"":""C1""","""D"":""D1"""
"""PID"":""7ce44fd32b6b622d7efb4a2827898d2b8aa6ecd5d3ac651635819be70a8785c2""","""O"":""r""","""X"":""X1""","""Y"":""Y0""","""A"":""A0""","""B"":""B1""","""C"":""C1""","""D"":""D1"""
"""PID"":""102415cda36a6f9d3b1e2bbbdf6433361248c3ad68a18110726f69e97bfa6750""","""O"":""r""","""X"":""X1""","""Y"":""Y0""","""A"":""A1"""
"""PID"":""9ce34f653f7f0d33eac85511f850f6fc83e5ee1ccdf22fce4e98982cddd45f27""","""O"":""r""","""X"":""X1""","""Y"":""Y0""","""A"":""A1""","""C"":""C1""","""D"":""D1"""
"""PID"":""c2e3fdf8a03e1af7139a9b85776c182329e3ada49c4eef47a6f356d7715b3bd2""","""O"":""r""","""X"":""X1""","""Y"":""Y0""","""A"":""A0""","""C"":""C1""","""D"":""D0"""
"""PID"":""03275c87d5dc0d02b88acc8ef65aedb1183b0570ab40ab915d9e76c5fea401f6""","""O"":""r""","""X"":""X1""","""Y"":""Y0""","""A"":""A0""","""B"":""B1""","""C"":""C1""","""D"":""D0"""
"""PID"":""6e24e807836eb163ed328cacd9d0ee123cb7be4e6a83313cd56cc07ab07d6366""","""O"":""r""","""X"":""X1""","""Y"":""Y0""","""A"":""A0""","""B"":""B1""","""D"":""D1"""
"""PID"":""f8e94b35a18df28cc321ad913d1564d642202ce0aab9172ebf2cebdd3caf6700""","""O"":""r""","""X"":""X1""","""Y"":""Y0""","""A"":""A1""","""B"":""B1"""
"""PID"":""96b9785e8c6777ae95099346a123dbf1055250d34e5a554b6d8f8a0860fe153f""","""O"":""r""","""X"":""X1""","""Y"":""Y0""","""B"":""B1""","""C"":""C0""","""D"":""D1"""
"""PID"":""5ac9257446ad6c3525ffe2ca65c285dbc0d4e7f1a8e9e833bee0ed64cfc204e5""","""O"":""r""","""X"":""X1""","""Y"":""Y0""","""A"":""A0""","""B"":""B0""","""C"":""C0""","""D"":""D0"""
"""PID"":""816c855bb56c435760a8d253ce2b54e5dbb646b9e62b3a9b35eed41f8ec14a2b""","""O"":""w""","""X"":""X1""","""Y"":""Y0""","""A"":""A0""","""C"":""C1""","""D"":""D1"""
"""PID"":""fdf13dc1a9bcccc0950191ac822334650b08066aab168d72ebb5abf3f877f9d8""","""O"":""w""","""X"":""X1""","""Y"":""Y0""","""A"":""A0""","""B"":""B1""","""C"":""C1""","""D"":""D0"""
"""PID"":""bf8d524d4beef25f985b3738adfadaf53e1b7128e1e09031b9829a5565fb53c7""","""O"":""w""","""X"":""X1""","""Y"":""Y0""","""A"":""A0""","""C"":""C0""","""D"":""D1"""
"""PID"":""e2eaf9c9773366215f6d652a3ff45455e2c707f6745f74da24802ccc881c801b""","""O"":""w""","""X"":""X1""","""Y"":""Y0""","""A"":""A0""","""B"":""B0"""
"""PID"":""eb5d0a3fe60020d61f1826f37eb3cd0bb54ffdbb741f1cd10b60fb4f05306eda""","""O"":""w""","""X"":""X1""","""Y"":""Y0""","""A"":""A1""","""B"":""B1""","""C"":""C1""","""D"":""D0"""
"""PID"":""35680e636dda1b2e45f144caaca9ddee8a53306efc67904f7901baadd44ec8bd""","""O"":""w""","""X"":""X1""","""Y"":""Y0""","""B"":""B0""","""C"":""C1""","""D"":""D1"""
"""PID"":""21cd80b73e436e790f4f7e7ee4600889e1976ba7b60b6c30b9102d130e13d055""","""O"":""w""","""X"":""X1""","""Y"":""Y0""","""A"":""A1""","""B"":""B0""","""C"":""C0"""
"""PID"":""48ad062a78e89e5309c1b09d8b2df41b9f03646fbe853081c4c0ffe7c4713274""","""O"":""w""","""X"":""X1""","""Y"":""Y0""","""C"":""C1""","""D"":""D1"""
"""PID"":""77e4b26d90dc567188d18aa8121660985a9f5d1650d0df502332580b343801b8""","""O"":""w""","""X"":""X1""","""Y"":""Y0""","""A"":""A1""","""B"":""B1""","""C"":""C0""","""D"":""D1"""
"""PID"":""6e54613e139213427774b4d3424bebfed5b4c2e6b0d91910e84fba6deeb42389""","""O"":""w""","""X"":""X1""","""Y"":""Y0""","""A"":""A0""","""B"":""B0""","""C"":""C0""","""D"":""D0"""
"""PID"":""1d62cdbf282d2e6bc74911d4e4524f5c00906c8291b2dbae3eae51df1f321906""","""O"":""w""","""X"":""X1""","""Y"":""Y0""","""A"":""A1""","""B"":""B0""","""C"":""C1""","""D"":""D0"""
"""PID"":""17ec7331a51baf7df8afcd23e803dbc9feddbdf31d37d52c9989716010844745""","""O"":""w""","""X"":""X1""","""Y"":""Y0""","""B"":""B0""","""C"":""C0""","""D"":""D0"""
"""PID"":""3847938fa7ebd25e92fd99bc1c1427c52b0d2c7613137d57010f02fe11d0e7d5""","""O"":""w""","""X"":""X1""","""Y"":""Y0""","""A"":""A1""","""B"":""B1""","""C"":""C1""","""D"":""D1"""
"""PID"":""8a470dd26b722e53ea90ce1d8735df4592e32b16c2bc6d26f8acde8fa51663b1""","""O"":""w""","""X"":""X1""","""Y"":""Y0""","""A"":""A0""","""B"":""B0""","""C"":""C1""","""D"":""D0"""
"""PID"":""b60f30e3ed69fe26a081a11e301afad0e8498b476a145b15071e3489d7a12ff6""","""O"":""w""","""X"":""X0""","""Y"":""Y1""","""A"":""A1""","""C"":""C0""","""D"":""D1"""
"""PID"":""199b16fea440359686faef6007c2fe676f6fa0e7a289fef4e65d424b089ad71b""","""O"":""w""","""X"":""X0""","""Y"":""Y1""","""B"":""B0""","""C"":""C1""","""D"":""D0"""
"""PID"":""1bf0712b2f842b75adac0a4ec53ec0325e96561f347dccb16ef7887bec78c079""","""O"":""w""","""X"":""X0""","""Y"":""Y1""","""B"":""B1""","""C"":""C0""","""D"":""D1"""
"""PID"":""099dd2cdb10ecaba8ec55159f62f1c8f7c3fd8a11fb812eefffc69940b6640e7""","""O"":""w""","""X"":""X0""","""Y"":""Y1""","""A"":""A1""","""B"":""B0""","""C"":""C1""","""D"":""D0"""
"""PID"":""cfd67aa24483e0a92bb369a592ac980233685424e052a5ad9d71d64e7c26a0a7""","""O"":""w""","""X"":""X0""","""Y"":""Y1""","""A"":""A1""","""B"":""B0""","""D"":""D0"""
"""PID"":""6c9a6140b89aaeaa2b49fecc307041a4611e8b3ad55d90c3d96a0e781a4e4276""","""O"":""w""","""X"":""X0""","""Y"":""Y1""","""A"":""A1""","""C"":""C1""","""D"":""D0"""
"""PID"":""700dbef494683ae29c1dd503add6d0c8e83efacaa28e23c474144dc7c25110d5""","""O"":""w""","""X"":""X0""","""Y"":""Y1""","""A"":""A1""","""B"":""B1""","""C"":""C1""","""D"":""D0"""
"""PID"":""99b1b0438d92f3aaf3e4e785a03ecd25626b88b1fcd1e9d38bda8ffd5430c5a9""","""O"":""w""","""X"":""X0""","""Y"":""Y1""","""A"":""A1""","""B"":""B1""","""C"":""C0""","""D"":""D1"""
"""PID"":""d0e7e12ae736bf7159d9bd38b286ffffc0780ea93e157c4040a35e932b19f635""","""O"":""w""","""X"":""X0""","""Y"":""Y1""","""A"":""A1""","""B"":""B1""","""C"":""C1""","""D"":""D1"""
