"""PID"":""3960dd21500d74dd1ed661179ad06e56e3aa26f015f153b5c12d7d974bc1c76c""","""O"":""w""","""X"":""X0""","""Y"":""Y0""","""P"":""P1""","""Q"":""Q1""","""B"":""B1""","""C"":""C1""","""D"":""D1"""
"""PID"":""e5387a2817f2c884d389af2af7c15f2bbaa07f1cb5913535cb20c9949694bc72""","""O"":""w""","""X"":""X0""","""Y"":""Y0""","""P"":""P1""","""Q"":""Q1""","""A"":""A0""","""B"":""B0""","""D"":""D1"""
"""PID"":""be7bb3d39f039399531ea89dec04c5a92b048a23502ebde1c9d36026df85e3fd""","""O"":""w""","""X"":""X0""","""Y"":""Y0""","""P"":""P1""","""Q"":""Q1""","""A"":""A1""","""B"":""B0""","""C"":""C1""","""D"":""D1"""
"""PID"":""7d15912ce032f8dc3743e2ac87a6ab390460c73254d4146a25d38fdb3fb284ab""","""O"":""w""","""X"":""X1""","""Y"":""Y0""","""P"":""P0""","""Q"":""Q0""","""A"":""A1""","""B"":""B0""","""C"":""C1""","""D"":""D1"""
"""PID"":""3c1917c0be037fdd2bae8388b30217a15099f22c5731c76d5fbeac85480cd235""","""O"":""w""","""X"":""X1""","""Y"":""Y0""","""P"":""P0""","""Q"":""Q0""","""A"":""A0""","""B"":""B1""","""C"":""C1""","""D"":""D1"""
"""PID"":""b1b4cb0d25d4978f902d2f86ecabbea92c3fac2679ea2ab131fd78498d2ffc10""","""O"":""w""","""X"":""X1""","""Y"":""Y0""","""P"":""P0""","""Q"":""Q0""","""A"":""A1""","""B"":""B1""","""C"":""C0""","""D"":""D1"""
"""PID"":""67cd0e94029b81c938cd266a4ed9fb49e8b175829c35df634e5f8109fe744ae9""","""O"":""w""","""X"":""X0""","""Y"":""Y1""","""P"":""P0""","""Q"":""Q1""","""A"":""A1""","""C"":""C0""","""D"":""D0"""
"""PID"":""e51d98b57d583ed6d8cd715c1695c460cfabf23a96cdbf350fe1b7d7faec9509""","""O"":""w""","""X"":""X0""","""Y"":""Y1""","""P"":""P0""","""Q"":""Q1""","""A"":""A1""","""B"":""B0""","""C"":""C1""","""D"":""D0"""
"""PID"":""85544861bf868894211151b41d9ce52b99b59c47fad487144139e07cde12cfcb""","""O"":""w""","""X"":""X0""","""Y"":""Y1""","""P"":""P0""","""Q"":""Q1""","""A"":""A1""","""B"":""B0""","""C"":""C0""","""D"":""D1"""
"""PID"":""61425f0a436f8257e91350372be414d66324af9754cd751256616b9f9aa510c8""","""O"":""w""","""X"":""X0""","""Y"":""Y1""","""P"":""P1""","""Q"":""Q0""","""A"":""A0""","""B"":""B1"""
"""PID"":""589c17d9074c420bf6fe9b014c464e293df786a75e94a9e268d82c0bd5b95ad3""","""O"":""w""","""X"":""X0""","""Y"":""Y1""","""P"":""P1""","""Q"":""Q0""","""A"":""A1""","""B"":""B1""","""C"":""C0""","""D"":""D0"""
"""PID"":""f4c1a79cf4eefeae188bdcabdd3009844dbc1684fbd8a8ac882f0c11f01e4b0f""","""O"":""w""","""X"":""X0""","""Y"":""Y1""","""P"":""P1""","""Q"":""Q0""","""A"":""A1""","""B"":""B0""","""C"":""C1"""
"""PID"":""df2a53cb9a2925276f97034d8f33ffa02d4403ca20de55489df8df8dfe585c75""","""O"":""r""","""X"":""X1""","""Y"":""Y1""","""P"":""P0""","""Q"":""Q1""","""A"":""A1""","""B"":""B0""","""C"":""C0""","""D"":""D1"""
"""PID"":""8a926a8779b79ba00df0f9dbafdf412fb91197f117bab16a814c3c8f6ac1f14c""","""O"":""r""","""X"":""X1""","""Y"":""Y1""","""P"":""P0""","""Q"":""Q1""","""A"":""A1""","""B"":""B0""","""C"":""C0""","""D"":""D0"""
"""PID"":""3c0a6d37f2452b9846e6c9a5cca26428785780af31845c30b6d8baf52ffc4d57""","""O"":""r""","""X"":""X1""","""Y"":""Y1""","""P"":""P0""","""Q"":""Q1""","""A"":""A1""","""B"":""B1""","""D"":""D0"""
"""PID"":""2c354078337697c27a6ffe9a4c4a34072b8ebe70f28a2a54f77bfe0801931436""","""O"":""r""","""X"":""X0""","""Y"":""Y1""","""P"":""P0""","""Q"":""Q0""","""A"":""A0""","""B"":""B1""","""C"":""C0""","""D"":""D1"""
"""PID"":""45012de1ff49b939c698953747e315324ee289c1670bdbbf76382097118965ab""","""O"":""r""","""X"":""X0""","""Y"":""Y1""","""P"":""P0""","""Q"":""Q0""","""A"":""A0""","""B"":""B0""","""C"":""C1""","""D"":""D1"""
"""PID"":""8174f3b568715cd2b890e3eca6b677f1eee67d12793afcc7b0f9f926bea54427""","""O"":""r""","""X"":""X0""","""Y"":""Y1""","""P"":""P0""","""Q"":""Q0""","""A"":""A1""","""B"":""B0""","""C"":""C0""","""D"":""D0"""
"""PID"":""58545255941ad27d2f5ffadce6aed704fcf6f9628a67a4815d7bba1512c07e39""","""O"":""r""","""X"":""X0""","""Y"":""Y1""","""P"":""P0""","""Q"":""Q0""","""B"":""B1""","""C"":""C1""","""D"":""D0"""
"""PID"":""d3f4e854bd07e749981053d11f30d50031e374ba0a0bdb9823e7ab66531dfe8f""","""O"":""w""","""X"":""X0""","""Y"":""Y0""","""P"":""P1""","""Q"":""Q0""","""A"":""A1""","""B"":""B1""","""D"":""D1"""
"""PID"":""af78490bf4e1a72126db329f2e29ea38f03a27e87a927d45c92d06a579863ef7""","""O"":""w""","""X"":""X0""","""Y"":""Y0""","""P"":""P1""","""Q"":""Q0""","""A"":""A0""","""B"":""B1""","""C"":""C0""","""D"":""D1"""
"""PID"":""3bab6a2518f5d57cbfa35ceac502332b813ff175454be2adaa35e5d245160943""","""O"":""w""","""X"":""X0""","""Y"":""Y0""","""P"":""P1""","""Q"":""Q0""","""A"":""A0""","""B"":""B1""","""C"":""C1""","""D"":""D1"""
"""PID"":""80cb506e0f5f37f5d8e17a85d5b54f7351a41212f07bc93d3813526b445951e2""","""O"":""w""","""X"":""X0""","""Y"":""Y0""","""P"":""P1""","""Q"":""Q0""","""A"":""A1""","""B"":""B0""","""C"":""C0""","""D"":""D1"""
"""PID"":""16457de289ac0d9378ad041e84df98b2f2d5934ee187454d1090ba429f77deb4""","""O"":""r""","""X"":""X0""","""Y"":""Y0""","""P"":""P1""","""Q"":""Q0""","""A"":""A0""","""C"":""C0""","""D"":""D0"""
"""PID"":""e9476f8dd55c9c45d173db848a02018e69496403f4271215209dd5722d2bfa02""","""O"":""r""","""X"":""X0""","""Y"":""Y0""","""P"":""P1""","""Q"":""Q0""","""A"":""A1""","""B"":""B0""","""C"":""C0""","""D"":""D0"""
"""PID"":""705e07520d505d7ecb858e2ba6ebd929d1b92b3f11ea3fe1ce0c0c5e65d0affc""","""O"":""r""","""X"":""X0""","""Y"":""Y0""","""P"":""P1""","""Q"":""Q0""","""A"":""A0""","""B"":""B1""","""C"":""C1""","""D"":""D1"""
"""PID"":""006780e5304f3353df699d9bb77de4ed7d8fe9524ca7846826a230b315b7f92d""","""O"":""r""","""X"":""X0""","""Y"":""Y0""","""P"":""P1""","""Q"":""Q0""","""A"":""A0""","""B"":""B1""","""C"":""C0""","""D"":""D0"""
"""PID"":""efdb21151fb87e3609b350370951222cd6f5b1738e8e4dd44399748d3609f817""","""O"":""r""","""X"":""X0""","""Y"":""Y0""","""P"":""P0""","""Q"":""Q1""","""A"":""A0""","""B"":""B0""","""D"":""D1"""
"""PID"":""93a548a89457ad5146258fb10f8dac574f198d69a74d4b7c998d99c52d6c5fc6""","""O"":""r""","""X"":""X0""","""Y"":""Y0""","""P"":""P0""","""Q"":""Q1""","""A"":""A0""","""B"":""B1""","""C"":""C1""","""D"":""D0"""
"""PID"":""c78d3720292905605fa429bbdc8ea71abfad6b3e00ab51ca81f5521727a3d8a4""","""O"":""r""","""X"":""X0""","""Y"":""Y0""","""P"":""P0""","""Q"":""Q1""","""A"":""A0""","""C"":""C0""","""D"":""D0"""
"""PID"":""950d2cb8ec06041cd3ae7871df8573cecb771bd76e1efb7736cb19d7db1763e2""","""O"":""r""","""X"":""X1""","""Y"":""Y0""","""P"":""P0""","""Q"":""Q0""","""A"":""A0""","""B"":""B1""","""C"":""C1""","""D"":""D1"""
"""PID"":""7fa88b7b5dab007d53b718ffa727339944dac960680948282e26f1b97b7cd0c3""","""O"":""r""","""X"":""X1""","""Y"":""Y0""","""P"":""P0""","""Q"":""Q0""","""A"":""A0""","""B"":""B0""","""D"":""D1"""
"""PID"":""94f0e29ca13229641cbadcea5aa1c9f8aa28e0b2eb0f23b2164c78cdf98e3c03""","""O"":""r""","""X"":""X1""","""Y"":""Y0""","""P"":""P0""","""Q"":""Q0""","""A"":""A0""","""B"":""B1""","""C"":""C1"""
"""PID"":""14b582cdf20113aa81433292d4284ebbc0de472a9d84a767782240b0e8e5b432""","""O"":""r""","""X"":""X1""","""Y"":""Y0""","""P"":""P0""","""Q"":""Q0""","""B"":""B0""","""C"":""C1"""
"""PID"":""10a80964cb30ebc0d977c7201d5c195e0210db7563c7c43e5e570a8c1e561a47""","""O"":""w""","""X"":""X0""","""Y"":""Y1""","""P"":""P1""","""Q"":""Q1""","""A"":""A0""","""B"":""B0""","""C"":""C1"""
"""PID"":""8bfa7460445d46de7469024e22f3aa012fb692324dff1d0478d0076b3177698f""","""O"":""w""","""X"":""X0""","""Y"":""Y1""","""P"":""P1""","""Q"":""Q1""","""A"":""A0""","""B"":""B0""","""C"":""C1""","""D"":""D0"""
"""PID"":""493b9bb1f8e50355a19b1782120fdeb9c862a4e4353909cedaff25943cd8d02c""","""O"":""w""","""X"":""X1""","""Y"":""Y1""","""P"":""P1""","""Q"":""Q0""","""A"":""A0""","""B"":""B1""","""C"":""C1""","""D"":""D0"""
"""PID"":""d0c94bc7f790a063831b403f9d5fb88e78ca25dca693d3cf2678f72aa502bdb3""","""O"":""w""","""X"":""X1""","""Y"":""Y1""","""P"":""P1""","""Q"":""Q0""","""A"":""A1""","""B"":""B1""","""D"":""D1"""
"""PID"":""7bd3e123cc4d3f58db3aee9e8bd5fac16c3aa39dc0d453669c5775d664634746""","""O"":""w""","""X"":""X1""","""Y"":""Y1""","""P"":""P1""","""Q"":""Q0""","""A"":""A1""","""B"":""B0""","""C"":""C0""","""D"":""D1"""
"""PID"":""bfda3025ab1e4850aee55b1b20062441334dffcd10e6799e498e0cf1f82533bf""","""O"":""w""","""X"":""X1""","""Y"":""Y1""","""P"":""P1""","""Q"":""Q0""","""A"":""A1""","""B"":""B0""","""C"":""C1""","""D"":""D1"""
"""PID"":""6b09c85145599ff33c4cfd05de687bd14f37bf9ea36e8dadee1e20419845844f""","""O"":""r""","""X"":""X0""","""Y"":""Y1""","""P"":""P1""","""Q"":""Q1""","""A"":""A1""","""B"":""B1""","""C"":""C1""","""D"":""D1"""
"""PID"":""40c2cc039bb5f8654809d52c79dc9838f17f3dd45cb39edb37ede4bbb1855232""","""O"":""r""","""X"":""X0""","""Y"":""Y1""","""P"":""P1""","""Q"":""Q1""","""A"":""A1""","""B"":""B0""","""C"":""C0""","""D"":""D1"""
"""PID"":""c2d592b9520177b5a7ff37aee38de0f0ec0a1ade0e0d69bd6f7fef6492cc0f27""","""O"":""r""","""X"":""X0""","""Y"":""Y1""","""P"":""P1""","""Q"":""Q1""","""A"":""A1""","""C"":""C1""","""D"":""D0"""
"""PID"":""131680cc4833fbb1a8a9aea514a2c8e40409dcd536b88819882f397b84a38cd6""","""O"":""w""","""X"":""X1""","""Y"":""Y1""","""P"":""P0""","""Q"":""Q0""","""A"":""A1""","""B"":""B1""","""C"":""C1""","""D"":""D0"""
"""PID"":""70729dae59445b17c84db0d7d52c58697e652db7dba527d8b730b060d96f0020""","""O"":""w""","""X"":""X1""","""Y"":""Y1""","""P"":""P0""","""Q"":""Q0""","""A"":""A1""","""C"":""C0""","""D"":""D0"""
"""PID"":""c41dbfe922d7e1d7d07d746da317a7e68197c49bb2b3fb1cf705218a30ff7a3c""","""O"":""w""","""X"":""X1""","""Y"":""Y1""","""P"":""P0""","""Q"":""Q0""","""A"":""A0""","""C"":""C1"""
"""PID"":""870e3c6b5e2214e3816950cde973a491e217c5c5f3f9c25bb51760d685ecd1e1""","""O"":""w""","""X"":""X1""","""Y"":""Y0""","""P"":""P0""","""Q"":""Q1""","""A"":""A1""","""B"":""B1""","""C"":""C1""","""D"":""D1"""
"""PID"":""7d80215afca31df8296a850ebad5b78a1ee4b38179764cbf29df32bcd994cb3d""","""O"":""w""","""X"":""X1""","""Y"":""Y0""","""P"":""P0""","""Q"":""Q1""","""A"":""A0""","""B"":""B1""","""C"":""C1""","""D"":""D0"""
"""PID"":""2cee50be5b165ab81547abf05fa6729a7aeb5e5effc2ba98bad7a5d038d43787""","""O"":""w""","""X"":""X1""","""Y"":""Y0""","""P"":""P0""","""Q"":""Q1""","""A"":""A0""","""C"":""C0""","""D"":""D0"""
"""PID"":""8ed6287281cb00baba782e10dc6fd791595d2d0cbf9032f3686da92edfcc20ed""","""O"":""r""","""X"":""X1""","""Y"":""Y1""","""P"":""P0""","""Q"":""Q0""","""A"":""A0""","""B"":""B0""","""D"":""D0"""
"""PID"":""c6f33da0e3da939ae083aa2e06a1d7475f6b1b7f2fc7e121a5272da0f456825d""","""O"":""r""","""X"":""X1""","""Y"":""Y1""","""P"":""P0""","""Q"":""Q0""","""A"":""A1""","""B"":""B0""","""D"":""D0"""
"""PID"":""1e9259c8db4cd75943cf1061fbdc5a14cff161004d75a78f99fbfd2ebd60eeed""","""O"":""r""","""X"":""X1""","""Y"":""Y0""","""P"":""P1""","""Q"":""Q1""","""A"":""A0""","""B"":""B1""","""C"":""C0""","""D"":""D0"""
"""PID"":""75c60a25919d2f81ceed91ed2b8cbce10aa0f5fe0075e17238d7ac06c79e208f""","""O"":""r""","""X"":""X1""","""Y"":""Y0""","""P"":""P1""","""Q"":""Q1""","""A"":""A0""","""B"":""B0""","""C"":""C0""","""D"":""D0"""
"""PID"":""733993e1e05b93d92959a953ae600bb732666f1afb00502d4fa66031a0a0f1fb""","""O"":""r""","""X"":""X1""","""Y"":""Y0""","""P"":""P1""","""Q"":""Q1""","""A"":""A0""","""B"":""B0""","""C"":""C1""","""D"":""D1"""
"""PID"":""0a268c700ed9defd9d5404dedac257bff0b9da38e6aae72ddd4734afc6752a47""","""O"":""r""","""X"":""X1""","""Y"":""Y0""","""P"":""P1""","""Q"":""Q1""","""A"":""A1""","""C"":""C1""","""D"":""D1"""
"""PID"":""1f21f189fd125380b55a5dda6c6596c2d6d44e3a1491e4ca725d081c1d2d2fd7""","""O"":""r""","""X"":""X0""","""Y"":""Y1""","""P"":""P0""","""Q"":""Q1""","""A"":""A0""","""B"":""B0""","""C"":""C0""","""D"":""D1"""
"""PID"":""42bd66e8425de396e1511df26f21258d02cdfac5a9d9250b37daee5e83c4b2ce""","""O"":""r""","""X"":""X0""","""Y"":""Y1""","""P"":""P0""","""Q"":""Q1""","""A"":""A0""","""B"":""B1""","""C"":""C1""","""D"":""D0"""
"""PID"":""cf620b15645e5e762bac6f062a0739f1033a67a5f15bdf466d0bfebb5ea53120""","""O"":""r""","""X"":""X0""","""Y"":""Y1""","""P"":""P0""","""Q"":""Q1""","""A"":""A0""","""B"":""B0""","""C"":""C1""","""D"":""D0"""
"""PID"":""e828411396a6d5506bbb31dd254ffecac712cd58e8debe843cb5b073e5e16e5f""","""O"":""r""","""X"":""X1""","""Y"":""Y0""","""P"":""P0""","""Q"":""Q1""","""A"":""A0""","""B"":""B0""","""C"":""C0""","""D"":""D1"""
"""PID"":""4597e38150cb533648925c2ad88006381f98b60c9459a0b6469e9ee805afed71""","""O"":""r""","""X"":""X1""","""Y"":""Y0""","""P"":""P0""","""Q"":""Q1""","""A"":""A0""","""B"":""B0""","""C"":""C1""","""D"":""D0"""
"""PID"":""99d65eed57981422fe44ed70eed0a973826c4750b49713aa945db9ef801750ac""","""O"":""r""","""X"":""X1""","""Y"":""Y0""","""P"":""P0""","""Q"":""Q1""","""A"":""A1""","""B"":""B0""","""C"":""C0""","""D"":""D1"""
"""PID"":""4c9f759f77d92c5da8f2fc1a05a84c92417d5f74ac1a9f4e5051439e4fedde9b""","""O"":""w""","""X"":""X0""","""Y"":""Y0""","""P"":""P0""","""Q"":""Q0""","""A"":""A0""","""B"":""B0""","""C"":""C0""","""D"":""D1"""
"""PID"":""8cb6c7e34583f61162f903d93987257afc0ee94fbe2abcf3e92d99ba6ee65b16""","""O"":""w""","""X"":""X0""","""Y"":""Y0""","""P"":""P0""","""Q"":""Q0""","""A"":""A0""","""C"":""C0""","""D"":""D1"""
"""PID"":""9344f4781f29b522b7ade4a9a44b6dfc4f2a34ff323af6bf743bc3d402ef2541""","""O"":""w""","""X"":""X0""","""Y"":""Y0""","""P"":""P0""","""Q"":""Q0""","""A"":""A0""","""B"":""B1""","""C"":""C1""","""D"":""D1"""
"""PID"":""9e87c849a639f813d556d1c1c3535751826133d5dd38a91bef1ea004c8fe684b""","""O"":""w""","""X"":""X0""","""Y"":""Y0""","""P"":""P0""","""Q"":""Q0""","""A"":""A1""","""B"":""B0""","""D"":""D1"""
"""PID"":""8c7efcf7445af14580af72cb0adb7503b78857e6090c2f4fadc0438efda2899b""","""O"":""w""","""X"":""X1""","""Y"":""Y0""","""P"":""P1""","""Q"":""Q0""","""A"":""A0""","""B"":""B0""","""C"":""C0""","""D"":""D0"""
"""PID"":""2d239e8186f14c31c7ccb2a538d0cca1de8c4b98980eea4302ba5c7f51af16ee""","""O"":""w""","""X"":""X1""","""Y"":""Y0""","""P"":""P1""","""Q"":""Q0""","""A"":""A1""","""B"":""B0""","""D"":""D0"""
"""PID"":""2c351e5d15334fbb6c8d36932667179ee9ff8e68669520c266e19c0e49065fce""","""O"":""w""","""X"":""X1""","""Y"":""Y0""","""P"":""P1""","""Q"":""Q0""","""B"":""B0""","""C"":""C1""","""D"":""D0"""
"""PID"":""14fdd3f3b8ea3dd3c61a9a9eb8ed674a11f8e2d93f474d6942810806abe1d0c8""","""O"":""r""","""X"":""X0""","""Y"":""Y1""","""P"":""P1""","""Q"":""Q0""","""A"":""A0""","""B"":""B1""","""C"":""C0""","""D"":""D1"""
"""PID"":""ef67c4f511b04a3c827ea5fc2bd36c2dbd15b8e38c8f89ed08e4200b9dfa777f""","""O"":""r""","""X"":""X0""","""Y"":""Y1""","""P"":""P1""","""Q"":""Q0""","""A"":""A1""","""B"":""B0""","""C"":""C1""","""D"":""D0"""
"""PID"":""00baf2f207799719c100cd76d5ef1b07da2cb5a449ad2e08f88d87ad1a2334c7""","""O"":""r""","""X"":""X0""","""Y"":""Y1""","""P"":""P1""","""Q"":""Q0""","""A"":""A1""","""C"":""C0""","""D"":""D1"""
"""PID"":""24a7a758a2b780496026672048931e05949b7c95f6a4da236309aa404825e6e6""","""O"":""w""","""X"":""X1""","""Y"":""Y1""","""P"":""P0""","""Q"":""Q1""","""A"":""A1""","""B"":""B0""","""C"":""C0""","""D"":""D0"""
"""PID"":""33d454f83f7530cd20751d15fc14f52d75508f058108180d69330de64eb3e40f""","""O"":""w""","""X"":""X1""","""Y"":""Y1""","""P"":""P0""","""Q"":""Q1""","""A"":""A1""","""B"":""B1""","""D"":""D1"""
"""PID"":""a325733140aa3cc3af2f77a45dce37cb75c22e757ed8f11fb490e966a6ce2b33""","""O"":""w""","""X"":""X1""","""Y"":""Y1""","""P"":""P0""","""Q"":""Q1""","""A"":""A1""","""C"":""C1""","""D"":""D0"""
"""PID"":""23241e79711b678b1366316aca39a288399cd221e3fe5143a3a296c8e59e9ae5""","""O"":""w""","""X"":""X1""","""Y"":""Y1""","""P"":""P1""","""Q"":""Q1""","""B"":""B1""","""C"":""C1""","""D"":""D1"""
"""PID"":""cbfae7c5d1b5d4bf5a3c076c69f6ddd7086f694c7d73200e3e92ed72843f467a""","""O"":""w""","""X"":""X1""","""Y"":""Y1""","""P"":""P1""","""Q"":""Q1""","""A"":""A1""","""B"":""B0""","""C"":""C1""","""D"":""D0"""
"""PID"":""1725a2cf3c536a20d1ecf72e378fca9d0f5e3475629d34df9e708d32212a8827""","""O"":""w""","""X"":""X1""","""Y"":""Y1""","""P"":""P1""","""Q"":""Q1""","""A"":""A0""","""B"":""B0""","""C"":""C0""","""D"":""D1"""
"""PID"":""f62ff3b2debeed982a003dbee79a1faf079114466bc8d0dbf8c02560f6b656d5""","""O"":""w""","""X"":""X1""","""Y"":""Y1""","""P"":""P1""","""Q"":""Q1""","""B"":""B0""","""C"":""C1""","""D"":""D1"""
"""PID"":""b6f8d375125f20ec12cb098a37899c848c0cfe9544be62dd0adbcb908fe3575c""","""O"":""r""","""X"":""X0""","""Y"":""Y0""","""P"":""P0""","""Q"":""Q0""","""A"":""A0""","""C"":""C1""","""D"":""D1"""
"""PID"":""3b6e156f43edc6adbce3253f3f4450d0a1d110bc466f50162c5a9f8379df5418""","""O"":""r""","""X"":""X0""","""Y"":""Y0""","""P"":""P0""","""Q"":""Q0""","""B"":""B0""","""D"":""D1"""
"""PID"":""4c7830a5dce8601be69abd0c38be32feac4e4b9c7db47000db0ff38970283dd4""","""O"":""r""","""X"":""X1""","""Y"":""Y1""","""P"":""P1""","""Q"":""Q0""","""A"":""A0""","""B"":""B1""","""C"":""C1""","""D"":""D0"""
"""PID"":""1110ebc20b62194e20e250eb80fc7d83ae6e23f022425b4e4af8c35c6479be7d""","""O"":""r""","""X"":""X1""","""Y"":""Y1""","""P"":""P1""","""Q"":""Q0""","""B"":""B0""","""C"":""C1""","""D"":""D1"""
"""PID"":""9be9a2aa6e65ea78ebfb241121587799b2eac9917749420f2b58755982618ee9""","""O"":""r""","""X"":""X1""","""Y"":""Y1""","""P"":""P1""","""Q"":""Q0""","""A"":""A0""","""B"":""B1""","""D"":""D0"""
"""PID"":""ef4ef3f49c8c6b586c49faa484346d810ea4163acc448662dc4c1a790dcae045""","""O"":""w""","""X"":""X0""","""Y"":""Y1""","""P"":""P0""","""Q"":""Q0""","""B"":""B1""","""C"":""C1""","""D"":""D1"""
"""PID"":""1a70750ab13bf865cc93e7bbc1648dc6ae7b1a022eea9a1978fb3d3040d57ec1""","""O"":""w""","""X"":""X0""","""Y"":""Y1""","""P"":""P0""","""Q"":""Q0""","""A"":""A1""","""B"":""B1""","""C"":""C0"""
"""PID"":""fdc5ea5e7650483c2a72326286a8cb1e43171d4c920677fce6a61b5d419d8aad""","""O"":""w""","""X"":""X0""","""Y"":""Y1""","""P"":""P0""","""Q"":""Q0""","""A"":""A0""","""C"":""C1"""
"""PID"":""91144c97dd53e26c25a9a5739561a8839176dff1e6ac751b732b6552bd35a976""","""O"":""w""","""X"":""X0""","""Y"":""Y1""","""P"":""P0""","""Q"":""Q0""","""B"":""B1""","""C"":""C1""","""D"":""D0"""
"""PID"":""196dc71a4a868a07005591474101e36699e1b561b23d1f944c26b40fee80b590""","""O"":""r""","""X"":""X1""","""Y"":""Y0""","""P"":""P1""","""Q"":""Q0""","""B"":""B1""","""C"":""C0"""
"""PID"":""73179b27314ef145382420bac5cfaec1c181ef7d2b62172824c1adeff74f4616""","""O"":""r""","""X"":""X1""","""Y"":""Y0""","""P"":""P1""","""Q"":""Q0""","""A"":""A0""","""B"":""B0""","""C"":""C0""","""D"":""D1"""
"""PID"":""56af845c5974f5ddba9784bfc6221d46450ffb3d31e229b814dfd10c7065cd9c""","""O"":""r""","""X"":""X1""","""Y"":""Y0""","""P"":""P1""","""Q"":""Q0""","""B"":""B1""","""C"":""C0""","""D"":""D0"""
"""PID"":""885cffece2b8111226f6fedab5540767e5d9f2f32fc1fd38b32496cc49e734cc""","""O"":""w""","""X"":""X0""","""Y"":""Y0""","""P"":""P0""","""Q"":""Q1""","""A"":""A0""","""B"":""B1""","""C"":""C0""","""D"":""D1"""
"""PID"":""99245f5f2a9fcecc1e9ad70f96591abced1d4a727a84e62551d3666466787f14""","""O"":""w""","""X"":""X0""","""Y"":""Y0""","""P"":""P0""","""Q"":""Q1""","""B"":""B1""","""C"":""C0"""
"""PID"":""8f1436be34b3d47890aa9dcb78027d852a0507bbeb92b4a85622f4e58bf24ccc""","""O"":""w""","""X"":""X0""","""Y"":""Y0""","""P"":""P0""","""Q"":""Q1""","""A"":""A0""","""B"":""B0""","""C"":""C0""","""D"":""D0"""
"""PID"":""ea628ce10feafc1f0b40f6d3166caf46237199f5844ffa62f70df20890cce034""","""O"":""w""","""X"":""X0""","""Y"":""Y0""","""P"":""P0""","""Q"":""Q1""","""B"":""B0""","""C"":""C0"""
"""PID"":""0c4d10e8ebde3ba2378098dbc9ae7be4d9f31dcc83e50c0603fa1b0b2e041451""","""O"":""r""","""X"":""X1""","""Y"":""Y1""","""P"":""P1""","""Q"":""Q1""","""B"":""B1""","""C"":""C0""","""D"":""D1"""
"""PID"":""367afa85c1134b5ec80d197dbe1930f4ee5464cbcd1e6aa7b79de4ee0841929e""","""O"":""r""","""X"":""X1""","""Y"":""Y1""","""P"":""P1""","""Q"":""Q1""","""A"":""A0""","""B"":""B0""","""C"":""C0"""
"""PID"":""1870826b6d7ccd847846ba8c709ead404e26a69e38268db69f15f2b796112163""","""O"":""r""","""X"":""X1""","""Y"":""Y1""","""P"":""P1""","""Q"":""Q1""","""A"":""A1""","""B"":""B0""","""C"":""C0"""
"""PID"":""a68a1d7d4740d2489955394e7f688ae0ee452b9292cdf1f9dd74c7f25fec4b9c""","""O"":""w""","""X"":""X1""","""Y"":""Y0""","""P"":""P1""","""Q"":""Q1""","""A"":""A1""","""C"":""C0""","""D"":""D0"""
"""PID"":""4c3debe51ba9cd39cbb0afe7f3421a73e34a7786b90bfeb8ad0eef046abc1d80""","""O"":""r""","""X"":""X0""","""Y"":""Y0""","""P"":""P1""","""Q"":""Q1""","""A"":""A1""","""B"":""B0""","""C"":""C1""","""D"":""D1"""
"""PID"":""835b67820537f1489132f2f7244618f3a16b8315ada47584a303d7fc15cc432c""","""O"":""r""","""X"":""X0""","""Y"":""Y0""","""P"":""P1""","""Q"":""Q1""","""A"":""A1""","""B"":""B0""","""C"":""C0""","""D"":""D1"""
